AreaCode,AreaName,resPop2005,nonUK2005,NAI2005,resPop2006,nonUK2006,NAI2006,resPop2007,nonUK2007,NAI2007,resPop2008,nonUK2008,NAI2008,resPop2009,nonUK2009,NAI2009,resPop2010,nonUK2010,NAI2010,resPop2011,nonUK2011,NAI2011,resPop2012,nonUK2012,NAI2012,resPop2013,nonUK2013,NAI2013,resPop2014,nonUK2014,NAI2014,resPop2015,nonUK2015,NAI2015,resPop2016,nonUK2016,NAI2016
E06000001,Hartlepool,90000,2000,1000,90000,2000,1000,90000,2000,1000,90000,2000,1000,91000,2000,1000,91000,2000,1000,91000,3000,1000,91000,3000,1000,91000,3000,1000,92000,3000,1000,92000,3000,1000,92000,3000,1000
E06000002,Middlesbrough,137000,8000,2000,137000,8000,2000,137000,8000,2000,137000,8000,2000,136000,8000,2000,136000,11000,3000,137000,11000,3000,138000,10000,3000,138000,11000,3000,138000,13000,3000,138000,13000,3000,139000,15000,4000
E06000003,Redcar and Cleveland,137000,4000,2000,136000,3000,1000,135000,3000,1000,135000,2000,1000,135000,3000,1000,134000,3000,1000,134000,3000,1000,134000,3000,1000,133000,3000,1000,133000,2000,1000,134000,3000,2000,133000,4000,2000
E06000004,Stockton-on-Tees,184000,8000,3000,184000,6000,3000,185000,6000,3000,186000,8000,3000,187000,7000,3000,188000,7000,3000,189000,7000,3000,190000,7000,3000,190000,6000,3000,191000,8000,3000,192000,7000,3000,193000,14000,5000
E06000005,Darlington,99000,4000,1000,100000,3000,1000,101000,5000,2000,102000,5000,2000,103000,7000,2000,104000,8000,2000,104000,8000,2000,104000,6000,2000,104000,7000,2000,104000,7000,2000,104000,8000,2000,104000,8000,2000
E06000006,Halton,119000,2000,1000,121000,2000,1000,121000,3000,1000,122000,3000,1000,123000,3000,2000,124000,4000,2000,125000,3000,1000,125000,4000,2000,125000,4000,2000,125000,4000,2000,126000,5000,2000,126000,4000,2000
E06000007,Warrington,190000,6000,3000,192000,6000,3000,194000,7000,3000,195000,8000,3000,197000,10000,3000,198000,13000,4000,200000,16000,5000,200000,14000,4000,201000,17000,5000,202000,15000,4000,205000,18000,5000,206000,19000,5000
E06000008,Blackburn with Darwen,141000,15000,3000,141000,16000,3000,142000,18000,4000,143000,19000,4000,145000,20000,4000,145000,22000,4000,146000,22000,4000,146000,21000,4000,146000,20000,4000,146000,21000,4000,145000,23000,4000,145000,24000,4000
E06000009,Blackpool,139000,4000,2000,138000,5000,2000,139000,6000,2000,138000,7000,2000,138000,6000,2000,138000,7000,2000,138000,8000,2000,138000,8000,2000,137000,11000,3000,137000,8000,3000,136000,9000,3000,136000,8000,3000
E06000010,"Kingston upon Hull, City of",252000,10000,4000,252000,10000,4000,252000,16000,5000,253000,22000,5000,253000,21000,5000,253000,21000,5000,253000,20000,5000,254000,23000,6000,254000,25000,6000,254000,26000,6000,255000,26000,7000,256000,23000,7000
E06000011,East Riding of Yorkshire,322000,7000,3000,323000,9000,4000,325000,8000,4000,327000,8000,4000,327000,10000,4000,328000,10000,4000,329000,12000,5000,330000,15000,6000,331000,12000,5000,332000,14000,6000,332000,13000,5000,333000,15000,6000
E06000012,North East Lincolnshire,157000,3000,2000,157000,4000,2000,157000,6000,2000,157000,6000,2000,157000,6000,2000,157000,6000,2000,158000,6000,2000,158000,6000,2000,158000,6000,2000,158000,6000,2000,158000,8000,3000,158000,8000,3000
E06000013,North Lincolnshire,158000,7000,2000,160000,8000,3000,161000,6000,3000,163000,7000,3000,164000,9000,3000,165000,9000,3000,166000,12000,4000,167000,11000,3000,168000,12000,3000,169000,12000,4000,168000,10000,3000,169000,16000,4000
E06000014,York,185000,8000,3000,187000,10000,3000,187000,11000,4000,188000,14000,4000,190000,12000,4000,192000,13000,4000,195000,16000,5000,197000,13000,4000,199000,15000,4000,201000,16000,4000,204000,20000,5000,206000,20000,5000
E06000015,Derby,234000,28000,6000,235000,25000,6000,237000,25000,6000,239000,28000,6000,242000,29000,6000,245000,36000,7000,247000,34000,7000,248000,31000,6000,250000,31000,6000,251000,36000,7000,251000,38000,8000,254000,37000,8000
E06000016,Leicester,298000,79000,11000,302000,83000,11000,308000,88000,11000,312000,99000,13000,316000,100000,13000,322000,111000,14000,326000,109000,15000,328000,110000,14000,331000,116000,14000,333000,117000,14000,337000,121000,15000,343000,120000,15000
E06000017,Rutland,34000,2000,1000,34000,1000,1000,34000,2000,1000,35000,2000,1000,35000,1000,1000,35000,2000,1000,34000,2000,1000,34000,1000,1000,34000,2000,1000,34000,2000,1000,35000,3000,1000,35000,3000,1000
E06000018,Nottingham,280000,34000,7000,282000,43000,8000,284000,45000,8000,286000,47000,9000,290000,48000,9000,295000,60000,10000,299000,57000,10000,304000,61000,10000,308000,65000,10000,311000,68000,10000,313000,68000,11000,315000,71000,12000
E06000019,"Herefordshire, County of",174000,6000,2000,176000,6000,2000,177000,6000,3000,179000,7000,3000,180000,8000,3000,180000,9000,3000,181000,10000,3000,182000,10000,3000,183000,11000,3000,184000,13000,4000,186000,15000,4000,186000,19000,4000
E06000020,Telford and Wrekin,160000,7000,3000,161000,8000,3000,162000,11000,3000,163000,13000,4000,163000,10000,3000,164000,12000,3000,165000,11000,3000,166000,11000,3000,167000,10000,3000,167000,12000,4000,169000,12000,4000,169000,14000,4000
E06000021,Stoke-on-Trent,239000,8000,3000,241000,14000,4000,242000,16000,4000,243000,19000,5000,244000,23000,5000,245000,23000,5000,247000,21000,6000,248000,19000,5000,249000,27000,7000,250000,28000,8000,250000,25000,7000,250000,30000,7000
E06000022,Bath and North East Somerset,169000,10000,3000,169000,13000,4000,170000,16000,4000,171000,14000,4000,171000,13000,4000,172000,14000,4000,173000,14000,4000,175000,17000,4000,176000,15000,4000,177000,16000,4000,181000,18000,4000,182000,21000,4000
E06000023,"Bristol, City of",400000,38000,10000,403000,40000,10000,407000,41000,10000,410000,48000,11000,414000,46000,11000,418000,49000,11000,423000,62000,13000,428000,55000,13000,431000,68000,14000,435000,83000,16000,442000,60000,14000,449000,67000,15000
E06000024,North Somerset,191000,9000,3000,194000,7000,3000,196000,10000,3000,197000,11000,4000,198000,12000,4000,199000,11000,4000,200000,10000,4000,201000,12000,4000,202000,11000,4000,203000,11000,4000,207000,13000,5000,208000,15000,5000
E06000025,South Gloucestershire,250000,11000,4000,252000,15000,5000,254000,17000,5000,255000,15000,5000,257000,19000,6000,259000,22000,6000,261000,21000,6000,263000,21000,6000,265000,15000,5000,267000,17000,6000,271000,21000,6000,274000,19000,6000
E06000026,Plymouth,243000,10000,4000,245000,14000,4000,247000,14000,5000,249000,22000,6000,250000,16000,5000,251000,13000,4000,253000,17000,5000,255000,25000,6000,256000,18000,5000,257000,17000,5000,260000,25000,6000,261000,25000,6000
E06000027,Torbay,129000,5000,2000,129000,5000,2000,129000,5000,2000,129000,6000,2000,128000,6000,2000,128000,8000,2000,128000,8000,3000,129000,9000,2000,128000,8000,2000,129000,11000,3000,131000,9000,3000,131000,8000,2000
E06000028,Bournemouth,162000,15000,4000,163000,17000,4000,166000,17000,4000,168000,19000,4000,171000,20000,4000,176000,22000,5000,180000,26000,5000,184000,24000,5000,187000,29000,6000,191000,33000,6000,191000,32000,6000,194000,37000,7000
E06000029,Poole,138000,7000,2000,139000,7000,2000,141000,9000,3000,142000,8000,2000,143000,10000,3000,145000,11000,3000,146000,10000,3000,147000,11000,3000,148000,12000,3000,148000,12000,3000,149000,16000,4000,150000,15000,4000
E06000030,Swindon,188000,14000,4000,190000,18000,5000,196000,20000,5000,200000,22000,5000,203000,21000,5000,206000,24000,6000,208000,26000,6000,210000,27000,6000,213000,26000,6000,215000,29000,6000,217000,33000,6000,218000,38000,7000
E06000031,Peterborough,166000,19000,4000,169000,23000,5000,171000,30000,5000,174000,33000,6000,177000,33000,6000,180000,34000,6000,183000,37000,6000,185000,33000,7000,186000,38000,7000,189000,39000,7000,191000,39000,7000,193000,47000,8000
E06000032,Luton,184000,43000,7000,186000,44000,7000,189000,57000,8000,191000,61000,8000,194000,60000,9000,198000,57000,9000,202000,61000,9000,205000,59000,8000,207000,65000,9000,210000,71000,9000,213000,67000,8000,216000,72000,9000
E06000033,Southend-on-Sea,160000,8000,3000,162000,10000,3000,163000,11000,3000,166000,12000,3000,168000,13000,4000,170000,14000,4000,172000,15000,4000,173000,16000,4000,174000,18000,4000,175000,20000,5000,178000,22000,5000,179000,19000,5000
E06000034,Thurrock,148000,11000,3000,150000,13000,3000,151000,14000,4000,153000,15000,4000,154000,14000,4000,156000,15000,4000,158000,14000,4000,159000,18000,4000,160000,18000,4000,161000,21000,5000,165000,25000,5000,166000,29000,6000
E06000035,Medway,249000,18000,5000,250000,17000,5000,253000,22000,6000,255000,21000,6000,258000,19000,6000,260000,17000,6000,262000,23000,6000,265000,22000,6000,268000,21000,6000,270000,26000,6000,274000,28000,7000,277000,34000,8000
E06000036,Bracknell Forest,107000,11000,2000,108000,12000,3000,108000,13000,3000,109000,13000,3000,109000,13000,3000,110000,14000,3000,111000,14000,3000,112000,14000,3000,113000,16000,3000,114000,16000,3000,117000,17000,3000,118000,17000,3000
E06000037,West Berkshire,144000,11000,3000,146000,10000,3000,148000,12000,3000,150000,14000,4000,150000,13000,4000,151000,13000,4000,151000,14000,4000,152000,12000,3000,152000,14000,4000,152000,17000,4000,153000,17000,4000,154000,16000,4000
E06000038,Reading,145000,28000,5000,147000,32000,5000,148000,33000,6000,150000,34000,6000,151000,39000,7000,153000,33000,6000,154000,43000,7000,155000,42000,6000,157000,38000,6000,158000,40000,6000,161000,42000,6000,162000,41000,7000
E06000039,Slough,122000,36000,5000,125000,39000,5000,128000,41000,5000,131000,43000,5000,134000,44000,6000,137000,50000,6000,140000,53000,6000,141000,57000,7000,143000,58000,7000,145000,58000,7000,146000,58000,7000,147000,61000,7000
E06000040,Windsor and Maidenhead,134000,19000,4000,135000,19000,4000,137000,18000,4000,138000,20000,4000,139000,20000,4000,141000,21000,4000,142000,27000,5000,142000,24000,5000,143000,24000,4000,144000,24000,4000,145000,25000,4000,146000,32000,5000
E06000041,Wokingham,148000,16000,4000,149000,17000,4000,150000,19000,4000,151000,17000,4000,152000,19000,5000,153000,17000,4000,153000,21000,5000,155000,21000,5000,156000,23000,5000,157000,22000,5000,158000,20000,5000,160000,18000,5000
E06000042,Milton Keynes,222000,24000,6000,225000,26000,6000,229000,33000,8000,234000,40000,9000,238000,51000,10000,243000,50000,9000,248000,46000,9000,250000,46000,8000,253000,49000,8000,257000,51000,9000,261000,52000,9000,264000,52000,10000
E06000043,Brighton and Hove,249000,29000,7000,252000,34000,7000,255000,37000,7000,259000,41000,8000,262000,37000,8000,266000,41000,9000,270000,45000,9000,273000,39000,8000,275000,44000,8000,277000,45000,9000,280000,41000,8000,284000,50000,10000
E06000044,Portsmouth,193000,18000,5000,193000,16000,4000,192000,17000,4000,193000,17000,4000,196000,20000,5000,200000,23000,6000,203000,23000,5000,204000,25000,6000,206000,23000,5000,208000,27000,6000,208000,26000,6000,211000,28000,6000
E06000045,Southampton,225000,24000,6000,225000,25000,6000,226000,25000,6000,227000,29000,7000,228000,28000,6000,231000,37000,7000,234000,43000,8000,238000,44000,8000,241000,46000,8000,243000,54000,9000,247000,48000,9000,249000,57000,9000
E06000046,Isle of Wight,133000,4000,2000,133000,4000,2000,134000,5000,2000,134000,5000,2000,134000,6000,2000,134000,7000,2000,134000,6000,2000,134000,7000,2000,134000,7000,2000,135000,7000,2000,135000,7000,2000,135000,7000,2000
E06000047,County Durham,490000,9000,5000,492000,9000,5000,496000,13000,6000,499000,16000,6000,500000,14000,7000,503000,19000,8000,506000,12000,6000,507000,14000,7000,508000,21000,8000,510000,18000,7000,512000,21000,8000,514000,15000,7000
E06000049,Cheshire East,356000,14000,6000,358000,13000,6000,361000,13000,6000,363000,18000,7000,364000,22000,8000,365000,22000,8000,367000,12000,7000,368000,14000,7000,369000,22000,9000,370000,18000,8000,371000,17000,9000,372000,23000,10000
E06000050,Cheshire West and Chester,324000,9000,5000,325000,12000,6000,326000,19000,8000,326000,18000,7000,326000,14000,6000,327000,16000,7000,327000,15000,8000,327000,15000,8000,327000,19000,8000,328000,16000,8000,330000,18000,9000,331000,26000,10000
E06000051,Shropshire,285000,8000,4000,287000,10000,4000,290000,13000,5000,293000,15000,5000,294000,17000,5000,297000,13000,5000,299000,14000,5000,300000,14000,5000,302000,11000,5000,304000,14000,5000,304000,17000,6000,304000,15000,6000
E06000052,Cornwall,507000,21000,7000,512000,20000,7000,516000,25000,8000,519000,23000,8000,521000,18000,8000,524000,20000,8000,528000,18000,7000,532000,18000,7000,536000,28000,9000,540000,30000,10000,544000,26000,9000,548000,28000,10000
E06000053,Isles of Scilly,NA,NA,NA,NA,NA,NA,NA,NA,NA,NA,NA,NA,NA,NA,NA,NA,NA,NA,NA,NA,NA,NA,NA,NA,NA,NA,NA,NA,NA,NA,NA,NA,NA,NA,NA,NA
E06000054,Wiltshire,438000,23000,8000,442000,34000,10000,447000,32000,9000,452000,28000,9000,454000,30000,9000,457000,41000,11000,461000,36000,11000,464000,38000,10000,467000,43000,11000,470000,34000,9000,474000,36000,9000,476000,44000,11000
E06000055,Bedford,150000,23000,7000,150000,21000,8000,151000,23000,8000,152000,28000,9000,153000,20000,7000,154000,23000,8000,155000,23000,8000,157000,22000,9000,158000,23000,8000,159000,23000,8000,164000,31000,10000,166000,24000,10000
E06000056,Central Bedfordshire,240000,11000,6000,242000,13000,6000,245000,18000,7000,247000,20000,7000,248000,22000,7000,251000,19000,7000,254000,24000,8000,258000,20000,8000,261000,19000,8000,265000,21000,8000,272000,23000,8000,275000,26000,9000
E06000057,Northumberland,306000,7000,3000,306000,4000,3000,308000,5000,3000,309000,7000,4000,309000,9000,4000,310000,11000,5000,311000,9000,4000,311000,8000,4000,311000,9000,4000,311000,7000,3000,311000,8000,4000,311000,10000,4000
E07000004,Aylesbury Vale,163000,13000,6000,165000,15000,7000,166000,15000,7000,167000,19000,8000,168000,15000,7000,170000,19000,9000,172000,17000,8000,175000,17000,7000,177000,19000,7000,179000,15000,7000,185000,16000,7000,187000,17000,7000
E07000005,Chiltern,90000,13000,6000,91000,12000,6000,91000,8000,5000,92000,9000,5000,92000,9000,5000,92000,10000,5000,92000,9000,6000,92000,9000,5000,92000,11000,5000,92000,13000,6000,94000,14000,6000,93000,16000,6000
E07000006,South Bucks,63000,9000,6000,63000,9000,5000,64000,5000,4000,64000,5000,4000,65000,5000,4000,66000,12000,8000,66000,11000,6000,66000,7000,5000,67000,9000,6000,67000,13000,6000,68000,14000,6000,69000,15000,7000
E07000007,Wycombe,163000,13000,6000,164000,19000,7000,165000,21000,8000,166000,25000,9000,167000,25000,9000,168000,21000,9000,170000,23000,9000,171000,25000,9000,172000,27000,9000,174000,25000,9000,174000,27000,9000,175000,26000,9000
E07000008,Cambridge,112000,30000,9000,113000,30000,10000,112000,35000,12000,113000,30000,11000,114000,28000,10000,117000,29000,11000,120000,36000,13000,123000,37000,12000,125000,33000,12000,127000,39000,12000,128000,35000,12000,129000,34000,13000
E07000009,East Cambridgeshire,77000,7000,5000,77000,9000,5000,79000,10000,6000,80000,14000,7000,82000,10000,6000,83000,8000,5000,83000,10000,6000,84000,6000,4000,85000,6000,4000,86000,7000,5000,87000,8000,5000,88000,6000,5000
E07000010,Fenland,88000,4000,3000,89000,3000,3000,91000,5000,4000,92000,3000,3000,93000,6000,4000,94000,4000,4000,94000,11000,7000,95000,9000,6000,95000,11000,7000,96000,6000,5000,97000,10000,6000,98000,6000,5000
E07000011,Huntingdonshire,161000,7000,4000,162000,13000,7000,163000,9000,5000,164000,11000,5000,165000,13000,6000,166000,12000,6000,167000,10000,6000,168000,15000,7000,169000,15000,7000,171000,16000,8000,173000,14000,7000,174000,17000,8000
E07000012,South Cambridgeshire,136000,10000,5000,137000,13000,6000,140000,12000,6000,142000,16000,7000,144000,20000,8000,146000,12000,6000,148000,16000,7000,150000,21000,8000,151000,21000,8000,153000,13000,7000,153000,17000,7000,156000,23000,9000
E07000026,Allerdale,94000,2000,2000,94000,NA,NA,94000,2000,2000,95000,2000,2000,95000,1000,2000,95000,3000,3000,95000,2000,2000,95000,3000,3000,95000,1000,2000,95000,1000,2000,95000,3000,3000,95000,3000,3000
E07000027,Barrow-in-Furness,70000,2000,2000,70000,1000,2000,69000,NA,NA,69000,2000,2000,69000,2000,3000,69000,2000,3000,68000,1000,2000,68000,1000,2000,67000,5000,4000,67000,4000,3000,67000,2000,2000,66000,1000,2000
E07000028,Carlisle,104000,4000,4000,106000,7000,4000,106000,5000,4000,106000,7000,5000,106000,6000,4000,106000,5000,4000,106000,5000,4000,107000,5000,4000,107000,2000,3000,107000,6000,4000,107000,8000,5000,107000,7000,4000
E07000029,Copeland,69000,2000,2000,69000,2000,2000,69000,NA,NA,70000,NA,NA,69000,2000,2000,69000,1000,2000,69000,1000,2000,69000,2000,2000,69000,2000,2000,69000,2000,3000,68000,2000,2000,68000,1000,2000
E07000030,Eden,51000,1000,2000,51000,2000,2000,52000,6000,4000,52000,2000,2000,52000,NA,NA,52000,NA,NA,52000,1000,2000,52000,4000,3000,52000,2000,2000,52000,2000,2000,52000,NA,NA,52000,NA,NA
E07000031,South Lakeland,102000,2000,3000,102000,3000,3000,102000,3000,3000,101000,3000,3000,101000,3000,3000,101000,2000,2000,101000,4000,4000,100000,3000,3000,100000,2000,2000,100000,5000,4000,100000,4000,3000,100000,5000,4000
E07000032,Amber Valley,118000,2000,3000,119000,4000,3000,119000,4000,3000,120000,4000,3000,120000,2000,3000,121000,3000,3000,121000,4000,4000,122000,1000,2000,122000,3000,4000,122000,4000,4000,123000,1000,2000,124000,2000,3000
E07000033,Bolsover,73000,1000,2000,74000,1000,1000,74000,2000,2000,74000,2000,2000,75000,5000,4000,75000,3000,3000,75000,2000,2000,76000,3000,3000,76000,6000,5000,76000,3000,3000,77000,3000,4000,77000,2000,3000
E07000034,Chesterfield,100000,3000,3000,101000,3000,3000,101000,3000,3000,101000,4000,4000,102000,7000,5000,102000,6000,4000,103000,2000,3000,103000,3000,3000,103000,4000,4000,103000,9000,6000,103000,6000,5000,103000,5000,5000
E07000035,Derbyshire Dales,68000,2000,3000,68000,2000,3000,68000,3000,3000,69000,3000,3000,69000,4000,3000,69000,2000,3000,70000,3000,3000,70000,3000,4000,70000,2000,3000,70000,NA,NA,70000,1000,2000,70000,4000,4000
E07000036,Erewash,109000,5000,4000,109000,5000,3000,109000,1000,2000,110000,4000,3000,110000,3000,3000,111000,2000,3000,111000,3000,4000,112000,3000,4000,112000,3000,4000,112000,4000,4000,114000,2000,3000,114000,7000,6000
E07000037,High Peak,89000,2000,3000,89000,3000,3000,90000,4000,3000,90000,3000,3000,90000,2000,3000,90000,6000,4000,90000,4000,4000,90000,3000,3000,90000,4000,4000,90000,4000,4000,91000,3000,4000,91000,5000,5000
E07000038,North East Derbyshire,97000,2000,2000,97000,3000,3000,97000,3000,3000,97000,2000,3000,98000,NA,NA,98000,2000,3000,98000,3000,3000,99000,3000,3000,99000,3000,3000,99000,2000,3000,99000,NA,NA,99000,2000,3000
E07000039,South Derbyshire,87000,2000,3000,88000,1000,2000,89000,1000,2000,91000,3000,3000,92000,4000,3000,93000,2000,3000,93000,2000,3000,94000,2000,3000,95000,NA,NA,96000,2000,3000,98000,5000,5000,99000,7000,5000
E07000040,East Devon,127000,3000,3000,128000,4000,4000,129000,5000,4000,130000,9000,6000,129000,4000,4000,130000,7000,5000,130000,4000,4000,131000,5000,4000,132000,6000,5000,133000,6000,5000,135000,4000,4000,135000,10000,6000
E07000041,Exeter,109000,7000,5000,111000,8000,5000,111000,10000,6000,112000,6000,5000,112000,9000,6000,114000,6000,5000,115000,6000,5000,118000,16000,8000,119000,24000,10000,121000,13000,7000,125000,12000,8000,125000,19000,10000
E07000042,Mid Devon,73000,3000,3000,73000,3000,3000,75000,4000,4000,76000,3000,3000,76000,4000,4000,77000,4000,4000,77000,3000,3000,77000,2000,3000,78000,2000,3000,78000,5000,4000,79000,4000,4000,79000,2000,3000
E07000043,North Devon,89000,5000,4000,90000,3000,3000,90000,1000,2000,91000,4000,4000,91000,3000,4000,91000,4000,4000,92000,3000,3000,92000,1000,2000,92000,3000,4000,92000,2000,3000,92000,6000,5000,92000,7000,6000
E07000044,South Hams,81000,4000,3000,81000,5000,4000,82000,5000,4000,82000,2000,3000,82000,2000,3000,82000,4000,4000,82000,3000,4000,82000,6000,4000,82000,7000,5000,83000,5000,4000,83000,5000,4000,83000,6000,5000
E07000045,Teignbridge,121000,2000,2000,119000,4000,4000,121000,5000,4000,121000,6000,5000,121000,3000,3000,121000,5000,4000,121000,6000,4000,122000,5000,4000,122000,4000,4000,123000,6000,5000,126000,4000,4000,126000,5000,4000
E07000046,Torridge,61000,2000,2000,62000,1000,2000,62000,NA,NA,63000,1000,2000,63000,3000,3000,63000,3000,4000,63000,2000,2000,64000,NA,NA,64000,NA,NA,65000,1000,2000,65000,2000,3000,66000,2000,3000
E07000047,West Devon,49000,3000,3000,49000,3000,3000,50000,2000,3000,51000,NA,NA,51000,1000,2000,52000,1000,2000,52000,2000,2000,52000,1000,2000,53000,NA,NA,53000,3000,3000,53000,4000,4000,53000,4000,4000
E07000048,Christchurch,45000,2000,2000,45000,2000,2000,46000,3000,3000,47000,2000,2000,47000,1000,2000,47000,1000,2000,47000,1000,2000,48000,3000,3000,48000,2000,2000,48000,1000,1000,49000,2000,2000,49000,1000,2000
E07000049,East Dorset,85000,3000,3000,85000,4000,3000,86000,4000,3000,86000,2000,2000,86000,3000,3000,86000,2000,2000,86000,2000,2000,87000,4000,3000,87000,4000,3000,88000,6000,4000,88000,4000,3000,88000,2000,3000
E07000050,North Dorset,63000,4000,3000,64000,4000,3000,65000,4000,3000,65000,4000,3000,65000,2000,2000,65000,5000,3000,66000,7000,4000,66000,6000,4000,67000,4000,3000,67000,4000,3000,68000,5000,4000,68000,6000,4000
E07000051,Purbeck,44000,1000,2000,44000,NA,NA,44000,2000,2000,45000,2000,2000,44000,2000,2000,45000,2000,2000,45000,1000,2000,45000,1000,1000,45000,2000,2000,45000,3000,3000,45000,2000,2000,45000,4000,4000
E07000052,West Dorset,94000,5000,4000,95000,4000,3000,96000,4000,3000,96000,5000,3000,96000,4000,3000,96000,3000,3000,97000,4000,3000,97000,6000,4000,97000,6000,4000,98000,3000,3000,99000,7000,4000,98000,8000,5000
E07000053,Weymouth and Portland,63000,2000,2000,63000,2000,2000,63000,2000,2000,63000,2000,2000,63000,2000,2000,63000,4000,3000,63000,5000,3000,63000,3000,3000,63000,3000,3000,63000,4000,3000,63000,3000,3000,63000,6000,5000
E07000061,Eastbourne,93000,9000,5000,94000,9000,5000,95000,7000,4000,96000,12000,6000,96000,10000,5000,96000,7000,5000,97000,8000,5000,98000,8000,5000,98000,11000,6000,99000,9000,5000,100000,16000,7000,101000,15000,8000
E07000062,Hastings,86000,6000,4000,86000,6000,4000,86000,5000,4000,87000,10000,5000,88000,5000,4000,88000,4000,4000,89000,5000,4000,89000,10000,6000,89000,11000,6000,89000,6000,4000,90000,7000,5000,90000,8000,6000
E07000063,Lewes,92000,4000,3000,93000,4000,3000,93000,5000,4000,94000,4000,3000,95000,6000,4000,95000,6000,4000,96000,7000,5000,97000,10000,6000,98000,11000,6000,99000,9000,5000,99000,9000,5000,100000,6000,5000
E07000064,Rother,85000,5000,4000,86000,5000,4000,87000,5000,4000,88000,5000,4000,88000,5000,4000,88000,5000,4000,88000,4000,3000,89000,6000,5000,89000,5000,4000,90000,4000,4000,90000,6000,4000,91000,8000,5000
E07000065,Wealden,142000,7000,5000,143000,8000,5000,143000,5000,3000,144000,8000,4000,144000,8000,5000,145000,6000,4000,147000,5000,4000,148000,7000,4000,150000,6000,4000,151000,6000,4000,154000,10000,5000,155000,9000,5000
E07000066,Basildon,168000,6000,4000,170000,11000,6000,170000,12000,7000,171000,12000,6000,172000,16000,7000,173000,15000,7000,174000,9000,6000,175000,15000,8000,176000,12000,8000,177000,14000,8000,181000,20000,10000,182000,21000,10000
E07000067,Braintree,138000,8000,5000,139000,8000,5000,141000,7000,5000,142000,9000,5000,143000,8000,5000,144000,9000,6000,146000,5000,4000,147000,9000,6000,148000,14000,7000,149000,5000,5000,149000,8000,6000,150000,10000,6000
E07000068,Brentwood,70000,8000,5000,70000,5000,4000,71000,7000,4000,71000,3000,3000,72000,3000,4000,72000,6000,4000,73000,5000,4000,73000,3000,4000,73000,6000,5000,74000,9000,6000,76000,9000,7000,76000,9000,8000
E07000069,Castle Point,87000,3000,3000,87000,NA,NA,87000,2000,3000,87000,7000,5000,88000,5000,4000,87000,5000,4000,87000,3000,3000,88000,2000,3000,88000,3000,4000,88000,3000,4000,89000,NA,NA,89000,NA,NA
E07000070,Chelmsford,162000,12000,6000,161000,8000,5000,163000,12000,6000,164000,11000,6000,165000,15000,7000,166000,14000,6000,167000,14000,7000,168000,17000,7000,169000,14000,7000,169000,12000,7000,171000,13000,7000,172000,20000,10000
E07000071,Colchester,159000,13000,6000,161000,13000,6000,163000,16000,7000,165000,13000,7000,166000,16000,7000,169000,22000,9000,170000,30000,11000,173000,24000,10000,175000,22000,9000,177000,23000,10000,180000,21000,9000,182000,23000,10000
E07000072,Epping Forest,121000,7000,5000,121000,11000,6000,122000,10000,6000,122000,13000,7000,123000,11000,7000,123000,10000,7000,124000,6000,5000,125000,8000,6000,126000,10000,6000,127000,9000,6000,129000,14000,8000,130000,15000,8000
E07000073,Harlow,78000,6000,4000,79000,10000,6000,79000,3000,3000,80000,8000,5000,80000,9000,6000,81000,7000,5000,82000,7000,5000,82000,8000,6000,83000,10000,7000,83000,8000,6000,85000,11000,7000,86000,15000,8000
E07000074,Maldon,60000,1000,2000,61000,1000,1000,61000,3000,3000,61000,2000,3000,61000,3000,3000,61000,4000,3000,61000,2000,3000,61000,3000,4000,61000,4000,4000,62000,2000,3000,63000,4000,5000,63000,NA,NA
E07000075,Rochford,80000,2000,2000,81000,2000,2000,82000,4000,4000,83000,5000,4000,83000,3000,3000,83000,3000,3000,83000,3000,3000,83000,3000,4000,84000,3000,4000,84000,3000,4000,85000,3000,4000,85000,3000,4000
E07000076,Tendring,138000,4000,4000,138000,4000,4000,138000,8000,5000,138000,5000,4000,137000,4000,3000,137000,3000,4000,136000,5000,5000,136000,3000,3000,136000,7000,5000,136000,8000,6000,139000,7000,5000,139000,4000,4000
E07000077,Uttlesford,71000,2000,2000,72000,2000,2000,73000,6000,4000,74000,7000,4000,76000,7000,5000,77000,6000,5000,79000,4000,4000,80000,5000,4000,81000,4000,4000,83000,3000,4000,84000,3000,4000,85000,12000,8000
E07000078,Cheltenham,109000,8000,5000,110000,8000,5000,110000,10000,6000,110000,9000,6000,111000,13000,7000,112000,16000,8000,113000,17000,9000,113000,16000,8000,114000,14000,7000,114000,17000,8000,114000,14000,7000,115000,15000,8000
E07000079,Cotswold,81000,5000,4000,81000,5000,4000,82000,4000,4000,82000,4000,4000,82000,3000,3000,81000,3000,3000,82000,5000,4000,82000,4000,4000,83000,4000,4000,83000,6000,5000,84000,5000,4000,84000,9000,7000
E07000080,Forest of Dean,80000,1000,2000,80000,2000,3000,80000,2000,3000,80000,5000,4000,80000,3000,3000,80000,2000,3000,80000,3000,3000,81000,1000,2000,81000,2000,2000,81000,4000,4000,82000,4000,4000,82000,4000,3000
E07000081,Gloucester,112000,7000,5000,114000,7000,5000,116000,8000,5000,117000,10000,6000,118000,12000,7000,119000,11000,6000,120000,15000,8000,122000,15000,7000,123000,10000,6000,124000,10000,6000,125000,14000,7000,127000,13000,7000
E07000082,Stroud,109000,6000,4000,109000,5000,4000,110000,6000,4000,110000,6000,4000,111000,6000,4000,111000,5000,4000,112000,6000,5000,112000,5000,4000,112000,6000,5000,113000,8000,6000,115000,5000,4000,115000,3000,4000
E07000083,Tewkesbury,80000,4000,4000,78000,2000,3000,79000,3000,3000,79000,3000,3000,80000,5000,4000,81000,4000,4000,81000,4000,4000,82000,5000,4000,83000,6000,5000,84000,5000,4000,86000,8000,5000,87000,9000,5000
E07000084,Basingstoke and Deane,156000,10000,5000,158000,10000,5000,159000,11000,6000,161000,15000,7000,163000,21000,8000,165000,22000,9000,167000,13000,7000,169000,19000,8000,171000,21000,9000,173000,18000,8000,173000,23000,9000,175000,18000,9000
E07000085,East Hampshire,108000,8000,5000,109000,6000,4000,110000,8000,5000,111000,8000,5000,112000,6000,4000,113000,10000,6000,114000,8000,6000,114000,11000,6000,115000,7000,5000,115000,6000,5000,116000,10000,7000,116000,15000,9000
E07000086,Eastleigh,117000,4000,4000,117000,5000,4000,120000,6000,4000,120000,7000,4000,121000,12000,6000,123000,7000,5000,125000,10000,6000,126000,10000,7000,127000,10000,6000,128000,12000,7000,129000,7000,5000,130000,8000,6000
E07000087,Fareham,106000,5000,4000,107000,4000,4000,108000,4000,3000,109000,5000,4000,109000,6000,4000,110000,4000,4000,111000,6000,5000,111000,6000,5000,112000,3000,3000,113000,4000,5000,114000,5000,5000,114000,5000,4000
E07000088,Gosport,77000,3000,3000,78000,7000,5000,79000,5000,4000,80000,6000,5000,81000,4000,4000,81000,6000,5000,82000,6000,5000,82000,4000,4000,83000,5000,5000,83000,5000,5000,84000,5000,5000,84000,7000,6000
E07000089,Hart,86000,5000,3000,87000,5000,3000,88000,6000,4000,89000,11000,6000,89000,10000,6000,90000,6000,5000,90000,5000,4000,90000,5000,4000,91000,10000,7000,91000,11000,7000,92000,10000,6000,92000,10000,7000
E07000090,Havant,116000,6000,4000,117000,6000,4000,117000,8000,5000,118000,6000,4000,118000,8000,5000,119000,6000,5000,120000,5000,5000,120000,5000,5000,120000,4000,4000,121000,6000,5000,122000,8000,6000,122000,7000,6000
E07000091,New Forest,170000,7000,4000,171000,9000,5000,171000,9000,5000,172000,8000,5000,173000,8000,5000,173000,5000,4000,174000,7000,5000,174000,11000,6000,175000,9000,6000,176000,11000,7000,177000,6000,5000,178000,8000,6000
E07000092,Rushmoor,88000,10000,5000,89000,11000,6000,90000,14000,7000,91000,14000,6000,91000,17000,8000,91000,16000,8000,92000,8000,6000,93000,11000,7000,93000,16000,8000,94000,15000,7000,94000,10000,6000,94000,7000,6000
E07000093,Test Valley,111000,6000,4000,113000,7000,5000,113000,8000,5000,113000,11000,6000,113000,8000,5000,114000,7000,5000,115000,8000,6000,115000,10000,7000,116000,6000,5000,116000,7000,5000,118000,8000,6000,119000,11000,7000
E07000094,Winchester,107000,8000,5000,107000,12000,6000,109000,10000,5000,110000,8000,5000,111000,10000,6000,112000,14000,7000,113000,8000,5000,114000,10000,6000,115000,7000,5000,116000,4000,4000,117000,5000,5000,118000,11000,7000
E07000095,Broxbourne,88000,4000,4000,89000,9000,6000,91000,10000,6000,91000,10000,6000,92000,5000,5000,93000,6000,5000,93000,10000,6000,94000,13000,8000,95000,11000,7000,95000,10000,6000,96000,13000,7000,97000,9000,7000
E07000096,Dacorum,137000,9000,5000,138000,12000,6000,138000,9000,6000,139000,9000,6000,140000,12000,6000,142000,13000,7000,143000,17000,9000,145000,15000,8000,146000,11000,7000,147000,13000,7000,149000,18000,9000,151000,14000,8000
E07000098,Hertsmere,93000,12000,6000,94000,16000,7000,95000,12000,6000,96000,10000,6000,97000,13000,7000,98000,15000,7000,99000,13000,7000,99000,11000,7000,100000,11000,7000,100000,16000,9000,102000,17000,9000,103000,23000,11000
E07000099,North Hertfordshire,119000,10000,5000,121000,12000,6000,122000,8000,5000,124000,10000,6000,124000,13000,6000,125000,12000,6000,126000,9000,6000,127000,12000,7000,128000,9000,5000,129000,8000,5000,131000,7000,6000,132000,9000,6000
E07000102,Three Rivers,83000,10000,5000,82000,9000,5000,84000,10000,5000,85000,11000,6000,86000,11000,6000,87000,9000,5000,87000,12000,7000,88000,10000,6000,88000,7000,5000,89000,8000,6000,90000,13000,8000,91000,16000,9000
E07000103,Watford,81000,12000,6000,82000,12000,6000,82000,12000,6000,84000,15000,7000,86000,18000,8000,88000,16000,8000,90000,16000,9000,91000,16000,9000,92000,29000,11000,94000,25000,10000,97000,27000,12000,98000,24000,12000
E07000105,Ashford,108000,4000,3000,110000,9000,5000,112000,8000,5000,113000,5000,4000,115000,9000,5000,116000,10000,6000,117000,10000,6000,119000,15000,7000,121000,20000,8000,122000,16000,7000,124000,12000,7000,125000,11000,7000
E07000106,Canterbury,139000,8000,5000,140000,10000,6000,142000,9000,6000,143000,6000,5000,143000,13000,7000,145000,18000,9000,147000,13000,7000,150000,13000,7000,152000,12000,7000,154000,11000,7000,156000,14000,8000,157000,22000,11000
E07000107,Dartford,89000,7000,5000,90000,8000,5000,91000,12000,7000,93000,13000,7000,94000,17000,8000,95000,10000,7000,97000,12000,8000,98000,13000,9000,99000,10000,7000,100000,11000,8000,103000,14000,8000,104000,15000,9000
E07000108,Dover,105000,7000,5000,106000,5000,4000,107000,3000,3000,108000,7000,4000,108000,6000,4000,109000,4000,4000,110000,9000,6000,110000,5000,4000,110000,5000,4000,110000,4000,4000,112000,11000,7000,112000,12000,8000
E07000109,Gravesham,96000,8000,5000,97000,5000,4000,98000,13000,7000,99000,10000,6000,99000,10000,7000,100000,10000,7000,101000,16000,9000,102000,17000,9000,103000,9000,7000,104000,18000,10000,106000,18000,10000,107000,22000,13000
E07000110,Maidstone,141000,9000,5000,143000,10000,5000,145000,5000,4000,147000,11000,6000,149000,12000,6000,151000,11000,7000,153000,11000,7000,155000,12000,7000,156000,14000,8000,158000,18000,9000,161000,26000,10000,163000,22000,10000
E07000111,Sevenoaks,110000,8000,5000,111000,9000,5000,112000,8000,5000,112000,7000,5000,113000,8000,5000,113000,11000,7000,114000,17000,9000,115000,13000,8000,116000,14000,8000,117000,13000,8000,117000,13000,8000,118000,8000,7000
E07000112,Shepway,100000,6000,4000,101000,7000,4000,102000,7000,4000,103000,8000,5000,104000,9000,6000,105000,7000,5000,106000,8000,6000,107000,10000,6000,108000,10000,6000,108000,11000,7000,108000,12000,7000,109000,9000,6000
E07000113,Swale,124000,3000,3000,125000,4000,3000,127000,8000,5000,129000,7000,5000,131000,7000,5000,132000,4000,4000,134000,5000,4000,135000,6000,5000,136000,7000,5000,138000,8000,6000,140000,6000,5000,141000,6000,5000
E07000114,Thanet,127000,7000,5000,127000,6000,4000,128000,9000,5000,129000,7000,5000,130000,7000,5000,131000,9000,6000,132000,6000,5000,133000,9000,6000,134000,7000,6000,135000,12000,7000,138000,10000,6000,139000,18000,11000
E07000115,Tonbridge and Malling,111000,9000,5000,113000,8000,5000,114000,5000,4000,116000,5000,4000,117000,3000,4000,119000,4000,4000,120000,7000,5000,121000,10000,7000,121000,9000,6000,122000,6000,6000,124000,10000,7000,125000,11000,7000
E07000116,Tunbridge Wells,104000,7000,5000,105000,8000,5000,107000,7000,4000,109000,9000,5000,110000,10000,6000,112000,9000,6000,113000,11000,6000,113000,14000,7000,114000,16000,8000,114000,11000,7000,114000,13000,8000,115000,14000,8000
E07000117,Burnley,87000,7000,4000,87000,6000,4000,86000,5000,4000,86000,4000,4000,86000,4000,4000,86000,3000,3000,86000,4000,4000,86000,6000,6000,86000,3000,4000,86000,9000,6000,87000,10000,7000,86000,3000,3000
E07000118,Chorley,101000,3000,3000,101000,2000,2000,102000,5000,3000,103000,7000,5000,103000,3000,3000,104000,2000,2000,105000,4000,4000,106000,3000,3000,107000,5000,4000,108000,6000,5000,110000,6000,5000,111000,5000,5000
E07000119,Fylde,73000,6000,4000,73000,4000,3000,73000,3000,3000,73000,3000,3000,74000,3000,3000,74000,3000,3000,74000,3000,4000,74000,3000,4000,74000,4000,4000,75000,4000,3000,76000,6000,5000,76000,4000,4000
E07000120,Hyndburn,81000,3000,3000,81000,6000,4000,81000,3000,3000,80000,8000,6000,80000,9000,5000,80000,7000,4000,80000,7000,5000,80000,6000,5000,79000,6000,5000,79000,6000,5000,80000,10000,7000,79000,7000,6000
E07000121,Lancaster,134000,8000,5000,134000,10000,5000,134000,4000,4000,133000,7000,4000,133000,9000,5000,134000,4000,4000,135000,11000,7000,137000,9000,6000,138000,10000,6000,139000,13000,7000,140000,11000,7000,140000,9000,7000
E07000122,Pendle,88000,9000,5000,88000,7000,5000,88000,11000,6000,88000,10000,5000,89000,10000,6000,89000,12000,6000,89000,11000,7000,89000,9000,6000,89000,7000,5000,89000,8000,5000,89000,12000,7000,90000,8000,6000
E07000123,Preston,134000,17000,7000,134000,19000,8000,136000,17000,7000,136000,22000,9000,136000,20000,8000,137000,21000,8000,138000,26000,10000,139000,18000,9000,139000,19000,8000,139000,25000,10000,139000,21000,9000,139000,22000,10000
E07000124,Ribble Valley,55000,1000,2000,56000,NA,NA,56000,2000,2000,56000,2000,2000,56000,NA,NA,56000,3000,3000,56000,2000,2000,56000,NA,NA,57000,1000,2000,57000,1000,2000,57000,NA,NA,57000,NA,NA
E07000125,Rossendale,65000,3000,3000,65000,3000,3000,66000,2000,2000,66000,2000,3000,67000,5000,4000,67000,5000,4000,67000,2000,3000,68000,NA,NA,68000,2000,3000,68000,NA,NA,69000,3000,3000,69000,2000,3000
E07000126,South Ribble,105000,1000,2000,106000,4000,4000,106000,3000,3000,107000,4000,3000,108000,6000,4000,108000,5000,4000,108000,4000,3000,108000,3000,3000,108000,5000,4000,108000,4000,4000,108000,2000,3000,108000,5000,5000
E07000127,West Lancashire,109000,1000,2000,109000,2000,3000,110000,5000,4000,110000,5000,4000,110000,4000,4000,110000,4000,4000,110000,3000,3000,110000,2000,3000,110000,3000,4000,110000,7000,5000,111000,9000,6000,111000,5000,5000
E07000128,Wyre,107000,3000,3000,109000,3000,3000,107000,2000,2000,107000,5000,4000,107000,1000,2000,106000,3000,3000,106000,2000,3000,106000,2000,2000,107000,NA,NA,107000,2000,2000,108000,2000,3000,108000,3000,3000
E07000129,Blaby,91000,6000,4000,92000,5000,4000,92000,5000,4000,92000,7000,4000,92000,4000,4000,93000,4000,4000,93000,4000,4000,94000,6000,4000,94000,7000,5000,94000,3000,3000,95000,6000,5000,96000,7000,6000
E07000130,Charnwood,154000,8000,5000,155000,10000,5000,157000,11000,6000,159000,14000,7000,160000,13000,6000,162000,16000,7000,164000,18000,8000,167000,18000,9000,169000,16000,8000,171000,18000,8000,174000,21000,10000,176000,18000,8000
E07000131,Harborough,79000,3000,3000,80000,5000,4000,81000,3000,3000,82000,2000,3000,83000,3000,3000,84000,3000,3000,84000,4000,4000,85000,3000,4000,86000,3000,3000,86000,4000,4000,87000,2000,3000,88000,2000,3000
E07000132,Hinckley and Bosworth,102000,2000,2000,102000,3000,3000,103000,3000,3000,103000,5000,4000,104000,4000,4000,104000,5000,4000,105000,3000,3000,105000,3000,3000,106000,3000,3000,106000,NA,NA,108000,2000,3000,108000,8000,6000
E07000133,Melton,48000,1000,2000,48000,2000,3000,49000,4000,3000,49000,3000,3000,49000,1000,2000,50000,2000,3000,50000,5000,4000,50000,5000,4000,51000,2000,3000,51000,2000,3000,51000,4000,4000,51000,2000,3000
E07000134,North West Leicestershire,89000,2000,3000,90000,2000,3000,91000,2000,2000,92000,2000,2000,92000,2000,2000,92000,4000,3000,93000,3000,3000,93000,3000,3000,94000,3000,3000,94000,8000,5000,96000,6000,5000,96000,11000,7000
E07000135,Oadby and Wigston,56000,6000,4000,56000,5000,4000,56000,7000,5000,56000,4000,3000,55000,5000,4000,55000,5000,4000,55000,10000,6000,55000,9000,6000,56000,11000,6000,56000,8000,6000,55000,8000,5000,55000,7000,5000
E07000136,Boston,58000,1000,2000,59000,4000,3000,60000,2000,2000,61000,10000,5000,62000,8000,5000,64000,8000,5000,64000,9000,6000,64000,8000,6000,64000,13000,7000,65000,10000,7000,66000,16000,9000,67000,20000,9000
E07000137,East Lindsey,133000,2000,2000,133000,4000,4000,134000,4000,3000,134000,5000,4000,134000,7000,5000,134000,7000,5000,134000,2000,3000,134000,2000,2000,134000,6000,5000,134000,6000,4000,135000,5000,4000,135000,6000,5000
E07000138,Lincoln,87000,6000,4000,88000,7000,4000,88000,9000,5000,89000,10000,6000,89000,9000,5000,90000,7000,5000,91000,7000,5000,93000,7000,5000,94000,4000,4000,95000,15000,8000,95000,14000,8000,96000,11000,7000
E07000139,North Kesteven,99000,6000,4000,100000,4000,4000,102000,3000,3000,104000,4000,3000,105000,4000,3000,106000,7000,5000,107000,4000,4000,107000,5000,4000,108000,3000,3000,109000,8000,5000,110000,5000,5000,111000,6000,5000
E07000140,South Holland,81000,3000,3000,82000,6000,5000,84000,8000,5000,85000,9000,5000,86000,9000,5000,87000,4000,4000,88000,6000,5000,88000,6000,5000,88000,12000,7000,88000,12000,7000,90000,10000,6000,91000,14000,7000
E07000141,South Kesteven,126000,5000,4000,128000,11000,6000,129000,11000,6000,130000,10000,6000,131000,12000,6000,132000,12000,6000,133000,11000,6000,134000,10000,6000,135000,10000,6000,136000,9000,6000,138000,10000,6000,139000,13000,7000
E07000142,West Lindsey,83000,3000,3000,85000,5000,4000,86000,2000,3000,87000,3000,3000,87000,2000,3000,88000,3000,3000,88000,5000,4000,89000,4000,4000,89000,1000,2000,90000,1000,2000,91000,2000,3000,92000,4000,4000
E07000143,Breckland,123000,8000,5000,124000,4000,3000,125000,6000,4000,126000,6000,4000,127000,9000,5000,127000,9000,6000,128000,16000,8000,129000,14000,7000,130000,11000,6000,131000,9000,6000,132000,20000,8000,133000,21000,10000
E07000144,Broadland,120000,4000,3000,121000,4000,3000,121000,6000,4000,122000,4000,3000,122000,5000,4000,123000,5000,4000,123000,8000,6000,123000,5000,5000,124000,4000,4000,124000,6000,5000,125000,5000,4000,125000,6000,5000
E07000145,Great Yarmouth,93000,4000,3000,93000,4000,3000,94000,5000,4000,95000,3000,3000,95000,NA,NA,96000,4000,4000,96000,8000,6000,97000,9000,6000,97000,8000,6000,97000,6000,5000,98000,10000,7000,98000,12000,8000
E07000146,King's Lynn and West Norfolk,139000,8000,5000,141000,10000,5000,142000,7000,5000,143000,8000,5000,144000,10000,6000,145000,7000,5000,146000,11000,6000,146000,12000,7000,147000,11000,7000,148000,10000,6000,149000,13000,7000,149000,23000,10000
E07000147,North Norfolk,97000,3000,3000,97000,3000,3000,98000,5000,4000,98000,4000,4000,98000,5000,4000,98000,4000,4000,99000,4000,4000,99000,4000,4000,100000,3000,3000,100000,6000,5000,101000,4000,4000,101000,2000,3000
E07000148,Norwich,124000,6000,4000,124000,14000,7000,125000,19000,8000,126000,14000,7000,128000,14000,7000,129000,18000,8000,131000,15000,7000,133000,15000,7000,134000,13000,7000,136000,20000,9000,138000,25000,10000,139000,30000,11000
E07000149,South Norfolk,114000,4000,3000,115000,5000,4000,116000,3000,3000,117000,3000,3000,119000,5000,4000,121000,5000,4000,123000,10000,6000,124000,7000,5000,126000,5000,4000,128000,7000,5000,129000,7000,6000,131000,9000,6000
E07000150,Corby,54000,4000,4000,55000,5000,4000,56000,9000,5000,58000,5000,4000,59000,7000,5000,60000,9000,6000,61000,11000,7000,63000,11000,7000,64000,7000,5000,66000,9000,5000,66000,14000,7000,68000,12000,8000
E07000151,Daventry,74000,2000,3000,75000,3000,3000,75000,3000,3000,75000,4000,4000,76000,4000,4000,76000,7000,5000,76000,7000,5000,76000,4000,4000,76000,3000,3000,77000,2000,3000,77000,5000,5000,78000,6000,4000
E07000152,East Northamptonshire,80000,3000,3000,82000,3000,3000,83000,4000,3000,84000,5000,4000,84000,5000,4000,84000,6000,4000,85000,3000,3000,85000,8000,6000,86000,6000,5000,86000,5000,4000,88000,8000,5000,88000,9000,6000
E07000153,Kettering,86000,5000,4000,87000,5000,4000,89000,5000,4000,90000,4000,3000,91000,5000,4000,92000,5000,4000,93000,7000,5000,94000,5000,5000,95000,6000,5000,96000,7000,6000,97000,9000,6000,98000,7000,6000
E07000154,Northampton,194000,22000,9000,198000,24000,9000,201000,26000,9000,203000,24000,8000,205000,27000,9000,208000,29000,10000,210000,37000,12000,212000,32000,11000,214000,31000,11000,216000,35000,11000,220000,33000,11000,223000,39000,13000
E07000155,South Northamptonshire,84000,4000,3000,85000,2000,2000,85000,1000,2000,85000,3000,3000,85000,4000,3000,85000,6000,4000,85000,1000,2000,86000,2000,3000,86000,4000,4000,86000,8000,5000,88000,7000,5000,89000,3000,3000
E07000156,Wellingborough,73000,9000,5000,74000,6000,4000,74000,11000,5000,74000,10000,6000,74000,7000,5000,74000,7000,5000,75000,8000,5000,75000,12000,7000,76000,8000,5000,76000,7000,5000,76000,8000,5000,77000,8000,6000
E07000163,Craven,54000,NA,NA,54000,1000,2000,54000,2000,3000,55000,1000,2000,54000,3000,3000,54000,2000,2000,54000,2000,3000,54000,3000,3000,54000,2000,3000,54000,3000,3000,55000,3000,3000,55000,4000,4000
E07000164,Hambleton,84000,3000,3000,85000,3000,3000,86000,2000,3000,87000,5000,4000,87000,6000,4000,87000,1000,2000,88000,1000,2000,88000,4000,4000,88000,4000,4000,89000,2000,3000,88000,2000,3000,88000,3000,3000
E07000165,Harrogate,150000,12000,6000,150000,12000,6000,151000,8000,5000,152000,9000,5000,152000,13000,7000,153000,16000,7000,155000,11000,7000,155000,12000,6000,155000,12000,6000,155000,19000,8000,153000,14000,7000,153000,9000,6000
E07000166,Richmondshire,47000,3000,3000,47000,3000,3000,48000,2000,2000,48000,6000,4000,48000,6000,5000,48000,2000,3000,49000,4000,3000,49000,3000,3000,50000,2000,2000,50000,6000,5000,48000,4000,4000,49000,2000,3000
E07000167,Ryedale,51000,2000,2000,51000,3000,3000,51000,3000,3000,51000,3000,3000,51000,2000,3000,51000,2000,3000,51000,2000,2000,51000,1000,2000,51000,NA,NA,51000,NA,NA,52000,2000,2000,52000,1000,2000
E07000168,Scarborough,107000,3000,3000,107000,4000,4000,107000,5000,4000,107000,5000,4000,107000,5000,4000,107000,5000,4000,107000,8000,6000,107000,5000,5000,107000,4000,4000,107000,4000,4000,106000,8000,6000,106000,8000,5000
E07000169,Selby,78000,1000,2000,78000,2000,2000,80000,1000,2000,81000,1000,2000,82000,1000,2000,82000,2000,2000,83000,1000,1000,83000,2000,2000,84000,1000,2000,84000,2000,2000,85000,3000,3000,86000,5000,5000
E07000170,Ashfield,114000,1000,2000,115000,1000,2000,115000,2000,3000,116000,2000,3000,117000,3000,3000,117000,3000,3000,118000,2000,3000,119000,2000,3000,120000,1000,2000,120000,3000,3000,122000,2000,3000,123000,2000,3000
E07000171,Bassetlaw,108000,4000,3000,108000,7000,4000,109000,3000,3000,109000,2000,3000,110000,5000,4000,110000,9000,6000,110000,6000,5000,110000,3000,3000,110000,5000,4000,111000,5000,5000,112000,7000,6000,112000,6000,5000
E07000172,Broxtowe,107000,5000,4000,107000,10000,5000,107000,11000,5000,108000,8000,5000,108000,5000,4000,108000,13000,7000,109000,13000,7000,110000,8000,6000,110000,5000,4000,111000,7000,6000,111000,9000,6000,112000,8000,6000
E07000173,Gedling,111000,5000,4000,111000,5000,4000,111000,6000,4000,111000,5000,4000,112000,5000,4000,112000,6000,5000,113000,8000,6000,113000,8000,6000,114000,8000,5000,114000,8000,6000,116000,9000,6000,116000,9000,6000
E07000174,Mansfield,99000,2000,2000,100000,4000,3000,101000,6000,4000,102000,7000,4000,103000,7000,4000,103000,5000,4000,104000,3000,4000,104000,7000,5000,104000,6000,5000,104000,10000,7000,105000,11000,7000,105000,9000,6000
E07000175,Newark and Sherwood,109000,4000,3000,110000,5000,4000,111000,3000,3000,111000,5000,4000,112000,4000,3000,113000,7000,5000,113000,9000,6000,114000,7000,5000,114000,8000,6000,115000,7000,6000,117000,6000,5000,117000,12000,7000
E07000176,Rushcliffe,106000,6000,4000,107000,6000,4000,107000,8000,5000,108000,8000,5000,108000,8000,5000,109000,8000,5000,109000,6000,4000,110000,5000,4000,110000,6000,5000,110000,7000,5000,113000,8000,6000,113000,6000,5000
E07000177,Cherwell,134000,19000,8000,135000,11000,6000,136000,11000,6000,137000,14000,7000,138000,10000,6000,139000,10000,6000,139000,12000,7000,140000,12000,7000,140000,15000,8000,141000,17000,8000,142000,19000,9000,144000,18000,9000
E07000178,Oxford,141000,26000,10000,140000,38000,12000,140000,35000,12000,141000,34000,11000,142000,26000,10000,144000,34000,13000,146000,26000,12000,149000,38000,14000,150000,37000,14000,152000,44000,15000,157000,45000,15000,158000,51000,15000
E07000179,South Oxfordshire,128000,7000,4000,128000,10000,6000,129000,10000,5000,130000,11000,5000,131000,13000,6000,131000,13000,7000,132000,13000,7000,133000,11000,6000,133000,9000,5000,134000,12000,7000,135000,18000,8000,136000,15000,8000
E07000180,Vale of White Horse,115000,7000,4000,116000,8000,5000,117000,12000,6000,117000,9000,5000,117000,9000,5000,118000,13000,7000,119000,14000,8000,120000,12000,6000,121000,13000,6000,122000,15000,7000,123000,13000,7000,124000,19000,10000
E07000181,West Oxfordshire,97000,5000,4000,98000,6000,4000,100000,9000,5000,101000,6000,4000,102000,6000,5000,102000,9000,6000,103000,6000,5000,105000,5000,4000,106000,9000,6000,107000,9000,6000,106000,8000,6000,107000,10000,7000
E07000187,Mendip,104000,4000,4000,104000,4000,3000,105000,7000,4000,106000,6000,4000,106000,4000,4000,106000,5000,4000,106000,4000,4000,107000,7000,5000,107000,5000,4000,108000,8000,5000,108000,8000,5000,109000,10000,6000
E07000188,Sedgemoor,108000,3000,3000,109000,2000,3000,111000,1000,2000,111000,3000,3000,111000,6000,4000,112000,9000,5000,113000,7000,5000,114000,5000,4000,115000,6000,4000,117000,8000,5000,119000,8000,5000,120000,8000,5000
E07000189,South Somerset,154000,4000,3000,155000,9000,5000,156000,8000,5000,157000,7000,5000,157000,11000,6000,158000,12000,7000,159000,13000,7000,160000,12000,6000,160000,11000,6000,161000,9000,6000,162000,7000,5000,163000,13000,7000
E07000190,Taunton Deane,104000,4000,3000,105000,6000,4000,105000,5000,4000,106000,5000,4000,106000,6000,5000,107000,4000,4000,107000,4000,4000,108000,7000,5000,109000,8000,5000,110000,10000,7000,110000,15000,8000,111000,10000,6000
E07000191,West Somerset,34000,NA,NA,34000,1000,2000,34000,1000,2000,34000,1000,2000,34000,1000,2000,34000,1000,2000,33000,1000,2000,33000,NA,NA,33000,NA,NA,33000,NA,NA,33000,NA,NA,33000,2000,2000
E07000192,Cannock Chase,94000,2000,2000,94000,NA,NA,95000,3000,3000,95000,3000,3000,96000,5000,4000,96000,4000,4000,97000,3000,3000,97000,2000,3000,98000,2000,3000,98000,2000,3000,98000,3000,3000,98000,2000,3000
E07000193,East Staffordshire,106000,5000,4000,107000,4000,4000,108000,4000,4000,109000,8000,5000,110000,6000,4000,111000,7000,5000,112000,10000,6000,112000,11000,6000,113000,10000,7000,113000,10000,7000,114000,8000,6000,115000,15000,8000
E07000194,Lichfield,95000,2000,3000,96000,2000,3000,97000,1000,2000,98000,2000,2000,98000,3000,3000,99000,2000,2000,99000,2000,2000,99000,3000,3000,100000,5000,4000,100000,3000,3000,101000,4000,4000,101000,4000,4000
E07000195,Newcastle-under-Lyme,121000,3000,3000,121000,3000,3000,121000,5000,4000,121000,3000,3000,122000,3000,3000,122000,6000,5000,123000,5000,5000,123000,8000,6000,123000,8000,6000,123000,3000,4000,126000,5000,5000,126000,6000,6000
E07000196,South Staffordshire,105000,2000,3000,105000,1000,2000,105000,3000,3000,106000,3000,3000,106000,1000,2000,106000,2000,2000,106000,2000,2000,106000,1000,2000,107000,1000,2000,107000,3000,3000,109000,4000,4000,109000,6000,5000
E07000197,Stafford,122000,5000,4000,123000,3000,3000,125000,3000,3000,126000,6000,5000,126000,6000,5000,127000,6000,5000,128000,8000,5000,129000,8000,6000,130000,7000,6000,130000,8000,6000,130000,5000,4000,131000,7000,5000
E07000198,Staffordshire Moorlands,94000,2000,3000,95000,NA,NA,95000,1000,2000,95000,1000,2000,96000,NA,NA,96000,2000,3000,96000,2000,3000,96000,NA,NA,96000,2000,3000,96000,5000,4000,97000,2000,3000,97000,2000,3000
E07000199,Tamworth,74000,2000,2000,75000,NA,NA,75000,2000,3000,75000,2000,2000,76000,1000,2000,76000,2000,3000,77000,2000,3000,77000,4000,4000,77000,1000,3000,77000,1000,3000,77000,2000,3000,77000,5000,5000
E07000200,Babergh,85000,4000,4000,85000,3000,3000,86000,5000,4000,86000,5000,4000,86000,3000,3000,86000,4000,4000,86000,7000,5000,86000,7000,5000,86000,3000,4000,87000,6000,5000,88000,7000,5000,88000,8000,6000
E07000201,Forest Heath,56000,13000,7000,54000,7000,5000,56000,15000,8000,56000,13000,6000,56000,10000,6000,57000,14000,7000,58000,11000,6000,59000,17000,8000,60000,19000,9000,61000,18000,8000,62000,23000,9000,63000,16000,9000
E07000202,Ipswich,122000,8000,5000,123000,6000,4000,124000,13000,6000,126000,13000,6000,128000,14000,6000,130000,14000,7000,132000,16000,8000,133000,18000,8000,134000,18000,8000,135000,17000,7000,134000,18000,8000,135000,21000,8000
E07000203,Mid Suffolk,89000,4000,3000,91000,5000,4000,92000,4000,4000,93000,5000,4000,94000,5000,4000,95000,5000,4000,96000,4000,3000,96000,3000,3000,97000,4000,4000,98000,4000,4000,99000,3000,4000,99000,5000,4000
E07000204,St Edmundsbury,100000,7000,5000,104000,8000,5000,103000,8000,5000,104000,10000,6000,105000,5000,4000,107000,8000,5000,108000,6000,5000,109000,10000,5000,109000,7000,5000,110000,13000,7000,109000,11000,6000,110000,10000,6000
E07000205,Suffolk Coastal,118000,6000,4000,119000,4000,4000,121000,7000,5000,122000,5000,4000,122000,3000,3000,122000,6000,5000,122000,6000,5000,122000,8000,5000,122000,5000,4000,122000,6000,4000,123000,10000,6000,122000,13000,6000
E07000206,Waveney,114000,3000,3000,114000,5000,4000,114000,4000,3000,115000,3000,3000,114000,3000,3000,114000,1000,2000,114000,3000,3000,114000,4000,4000,114000,6000,4000,114000,5000,4000,114000,5000,4000,115000,3000,3000
E07000207,Elmbridge,126000,18000,8000,127000,22000,8000,128000,22000,8000,129000,25000,9000,129000,31000,10000,130000,30000,11000,130000,23000,9000,130000,29000,10000,130000,25000,9000,130000,23000,9000,132000,32000,11000,133000,32000,12000
E07000208,Epsom and Ewell,68000,10000,5000,69000,11000,6000,70000,11000,6000,72000,10000,6000,72000,10000,6000,73000,12000,7000,74000,13000,8000,75000,13000,8000,76000,16000,9000,77000,11000,6000,78000,11000,7000,79000,14000,9000
E07000209,Guildford,127000,16000,7000,128000,16000,7000,129000,15000,7000,130000,15000,7000,131000,19000,9000,133000,16000,8000,135000,23000,9000,137000,21000,9000,139000,14000,7000,141000,18000,8000,142000,25000,11000,145000,18000,10000
E07000210,Mole Valley,81000,7000,4000,81000,8000,5000,82000,6000,4000,83000,7000,5000,83000,6000,4000,84000,6000,5000,84000,7000,5000,84000,10000,6000,85000,12000,7000,85000,9000,6000,85000,9000,6000,85000,10000,6000
E07000211,Reigate and Banstead,125000,10000,5000,126000,13000,6000,128000,11000,5000,130000,17000,7000,132000,17000,8000,133000,19000,9000,135000,22000,10000,136000,16000,8000,138000,20000,9000,139000,22000,10000,141000,19000,9000,143000,17000,9000
E07000212,Runnymede,76000,12000,6000,76000,8000,5000,77000,8000,5000,78000,11000,6000,78000,8000,6000,79000,7000,5000,80000,14000,8000,81000,13000,7000,82000,12000,7000,83000,12000,7000,85000,15000,8000,86000,12000,8000
E07000213,Spelthorne,90000,9000,5000,91000,7000,5000,92000,11000,6000,92000,10000,5000,93000,13000,7000,94000,16000,8000,95000,15000,8000,96000,15000,8000,97000,13000,7000,98000,16000,8000,98000,13000,7000,99000,17000,8000
E07000214,Surrey Heath,81000,8000,5000,82000,7000,4000,83000,8000,5000,83000,6000,5000,84000,9000,6000,84000,14000,7000,85000,9000,6000,85000,10000,6000,85000,8000,6000,86000,8000,5000,86000,7000,5000,86000,8000,6000
E07000215,Tandridge,77000,4000,3000,79000,5000,4000,79000,7000,4000,80000,6000,4000,80000,9000,5000,81000,6000,5000,81000,4000,4000,82000,6000,4000,82000,7000,5000,83000,9000,7000,84000,8000,7000,85000,8000,7000
E07000216,Waverley,114000,7000,4000,114000,9000,5000,115000,11000,6000,116000,9000,5000,116000,6000,4000,117000,9000,6000,118000,10000,6000,118000,13000,7000,118000,11000,6000,119000,14000,7000,119000,11000,7000,120000,11000,7000
E07000217,Woking,90000,12000,6000,92000,17000,8000,94000,18000,7000,95000,17000,7000,96000,19000,8000,97000,22000,9000,99000,21000,10000,98000,16000,8000,99000,19000,9000,99000,18000,8000,99000,14000,7000,100000,19000,9000
E07000218,North Warwickshire,61000,2000,2000,62000,1000,2000,61000,NA,NA,61000,3000,3000,62000,3000,3000,62000,4000,4000,62000,2000,3000,62000,3000,4000,62000,1000,2000,62000,NA,NA,62000,3000,3000,62000,3000,3000
E07000219,Nuneaton and Bedworth,120000,3000,3000,121000,4000,3000,122000,5000,4000,123000,7000,4000,123000,7000,5000,124000,4000,4000,125000,9000,6000,125000,6000,5000,125000,7000,5000,126000,8000,6000,126000,9000,6000,126000,9000,6000
E07000220,Rugby,90000,6000,4000,92000,9000,5000,93000,8000,5000,95000,7000,4000,96000,9000,6000,97000,11000,6000,99000,13000,7000,99000,11000,7000,100000,11000,7000,100000,12000,6000,102000,14000,7000,102000,17000,8000
E07000221,Stratford-on-Avon,113000,3000,3000,115000,4000,3000,117000,6000,4000,118000,6000,4000,118000,6000,4000,119000,8000,5000,119000,5000,4000,119000,6000,5000,119000,6000,4000,119000,9000,5000,120000,9000,5000,120000,7000,4000
E07000222,Warwick,133000,12000,6000,134000,11000,5000,135000,9000,5000,136000,11000,6000,137000,14000,6000,137000,9000,6000,136000,11000,6000,137000,15000,7000,137000,14000,7000,138000,12000,6000,139000,17000,8000,139000,21000,8000
E07000223,Adur,59000,2000,2000,60000,3000,3000,60000,4000,4000,60000,3000,3000,60000,3000,3000,60000,3000,4000,61000,3000,4000,61000,NA,NA,62000,3000,4000,62000,6000,5000,63000,2000,3000,63000,NA,NA
E07000224,Arun,142000,4000,3000,143000,8000,5000,144000,9000,5000,145000,11000,6000,145000,10000,6000,146000,12000,7000,146000,13000,8000,148000,11000,7000,149000,8000,6000,150000,12000,8000,152000,7000,6000,154000,12000,8000
E07000225,Chichester,107000,7000,5000,107000,8000,5000,108000,6000,4000,109000,5000,4000,110000,8000,5000,111000,8000,5000,112000,9000,6000,112000,9000,6000,113000,6000,5000,114000,9000,6000,114000,7000,6000,115000,7000,6000
E07000226,Crawley,99000,13000,6000,100000,12000,6000,101000,11000,6000,102000,20000,8000,103000,30000,11000,105000,24000,11000,106000,20000,9000,108000,18000,8000,109000,20000,9000,110000,23000,9000,110000,26000,11000,112000,22000,11000
E07000227,Horsham,124000,8000,5000,125000,9000,5000,126000,11000,5000,127000,11000,5000,127000,10000,6000,128000,7000,5000,129000,7000,5000,129000,12000,6000,130000,10000,6000,131000,12000,7000,133000,13000,7000,133000,12000,7000
E07000228,Mid Sussex,128000,12000,6000,130000,10000,6000,132000,8000,5000,133000,14000,6000,135000,11000,6000,136000,12000,7000,138000,12000,7000,139000,9000,6000,140000,15000,8000,141000,12000,6000,143000,11000,7000,144000,13000,7000
E07000229,Worthing,98000,5000,4000,98000,11000,5000,99000,8000,5000,100000,8000,5000,101000,7000,5000,102000,6000,5000,103000,6000,5000,104000,8000,6000,105000,6000,5000,105000,9000,6000,106000,6000,5000,107000,7000,6000
E07000234,Bromsgrove,89000,4000,3000,89000,3000,3000,90000,1000,2000,90000,3000,3000,91000,4000,4000,91000,3000,3000,91000,2000,3000,91000,5000,4000,92000,2000,3000,92000,2000,3000,93000,2000,3000,93000,4000,4000
E07000235,Malvern Hills,72000,1000,2000,73000,2000,2000,72000,2000,3000,72000,6000,4000,72000,2000,2000,73000,NA,NA,73000,2000,3000,73000,3000,3000,73000,6000,5000,74000,4000,3000,74000,4000,4000,75000,4000,4000
E07000236,Redditch,80000,2000,3000,81000,5000,3000,81000,6000,4000,82000,6000,4000,83000,6000,5000,83000,7000,5000,84000,6000,5000,84000,8000,5000,84000,10000,5000,84000,10000,6000,84000,11000,6000,84000,13000,6000
E07000237,Worcester,94000,8000,4000,93000,7000,4000,95000,8000,5000,96000,4000,4000,96000,10000,6000,97000,10000,6000,98000,7000,6000,99000,8000,6000,99000,3000,3000,100000,6000,5000,101000,6000,5000,101000,10000,6000
E07000238,Wychavon,113000,4000,3000,114000,3000,3000,115000,8000,5000,115000,10000,6000,115000,5000,4000,115000,8000,5000,116000,11000,6000,116000,7000,5000,117000,3000,3000,117000,5000,4000,119000,8000,5000,120000,6000,5000
E07000239,Wyre Forest,96000,4000,3000,96000,3000,3000,97000,5000,4000,97000,4000,4000,97000,4000,4000,97000,6000,5000,97000,5000,4000,97000,2000,3000,97000,4000,4000,97000,5000,4000,98000,4000,4000,98000,3000,3000
E07000240,St Albans,130000,13000,6000,132000,16000,7000,133000,19000,7000,135000,18000,7000,136000,13000,7000,138000,14000,7000,140000,17000,8000,140000,18000,8000,141000,18000,8000,142000,12000,7000,145000,17000,9000,146000,24000,10000
E07000241,Welwyn Hatfield,101000,13000,7000,103000,18000,8000,105000,12000,6000,106000,14000,7000,107000,15000,7000,108000,19000,9000,110000,24000,10000,111000,21000,10000,112000,18000,9000,113000,28000,11000,117000,25000,10000,118000,24000,10000
E07000242,East Hertfordshire,130000,10000,6000,131000,8000,5000,132000,8000,5000,133000,6000,4000,134000,9000,5000,135000,9000,6000,136000,17000,8000,137000,9000,6000,139000,12000,7000,140000,12000,7000,143000,8000,6000,144000,15000,7000
E07000243,Stevenage,80000,5000,4000,80000,6000,4000,80000,7000,5000,80000,7000,5000,82000,9000,6000,82000,9000,6000,84000,9000,6000,84000,13000,7000,85000,11000,6000,86000,10000,6000,86000,9000,6000,87000,12000,8000
E08000001,Bolton,263000,20000,5000,265000,22000,6000,266000,23000,6000,269000,27000,7000,271000,31000,7000,274000,29000,7000,276000,30000,7000,278000,31000,7000,279000,31000,7000,280000,31000,7000,280000,29000,7000,281000,37000,8000
E08000002,Bury,179000,11000,3000,180000,13000,4000,181000,14000,4000,181000,13000,4000,182000,13000,4000,183000,12000,4000,183000,13000,4000,184000,11000,4000,185000,13000,4000,185000,14000,4000,186000,18000,5000,187000,20000,5000
E08000003,Manchester,450000,83000,13000,458000,98000,15000,465000,105000,15000,472000,101000,15000,478000,114000,16000,488000,122000,17000,498000,132000,18000,506000,126000,18000,513000,131000,18000,520000,130000,18000,521000,138000,19000,530000,140000,20000
E08000004,Oldham,217000,18000,5000,218000,20000,5000,219000,23000,5000,220000,23000,5000,221000,28000,6000,222000,24000,5000,223000,22000,5000,224000,26000,6000,225000,27000,6000,225000,32000,7000,228000,34000,7000,229000,31000,7000
E08000005,Rochdale,205000,15000,4000,206000,17000,4000,206000,18000,4000,207000,23000,5000,208000,23000,5000,209000,25000,5000,210000,24000,5000,210000,22000,5000,210000,26000,5000,210000,25000,5000,211000,29000,6000,211000,32000,6000
E08000006,Salford,217000,13000,3000,219000,15000,4000,221000,18000,4000,224000,22000,5000,226000,25000,5000,229000,26000,6000,231000,27000,6000,234000,29000,6000,237000,33000,7000,239000,32000,7000,242000,36000,7000,245000,37000,8000
E08000007,Stockport,279000,14000,5000,278000,15000,5000,279000,14000,5000,279000,17000,5000,280000,17000,5000,280000,16000,5000,281000,20000,6000,281000,23000,6000,282000,22000,6000,283000,19000,5000,286000,20000,6000,287000,24000,6000
E08000008,Tameside,212000,12000,4000,213000,10000,3000,213000,12000,3000,215000,12000,4000,216000,15000,4000,217000,15000,4000,218000,17000,5000,219000,15000,4000,219000,16000,5000,220000,19000,5000,220000,23000,5000,220000,22000,5000
E08000009,Trafford,214000,13000,4000,216000,15000,4000,218000,19000,5000,219000,23000,5000,222000,21000,5000,224000,23000,5000,226000,24000,6000,227000,25000,6000,228000,22000,5000,230000,26000,6000,233000,30000,6000,235000,33000,7000
E08000010,Wigan,304000,8000,4000,306000,6000,4000,307000,9000,4000,310000,11000,4000,312000,10000,4000,314000,7000,4000,316000,10000,5000,316000,8000,4000,317000,9000,4000,318000,12000,5000,320000,18000,6000,321000,13000,5000
E08000011,Knowsley,148000,3000,1000,147000,3000,1000,147000,3000,1000,147000,3000,1000,146000,3000,2000,146000,3000,2000,145000,3000,2000,145000,3000,2000,144000,5000,2000,144000,5000,2000,146000,5000,2000,145000,5000,2000
E08000012,Liverpool,446000,26000,7000,446000,32000,8000,447000,34000,9000,448000,35000,9000,451000,29000,8000,455000,37000,9000,460000,40000,10000,463000,42000,10000,466000,44000,10000,469000,53000,12000,469000,52000,12000,472000,54000,12000
E08000013,St Helens,174000,3000,2000,174000,3000,2000,174000,4000,2000,174000,5000,2000,174000,6000,2000,174000,5000,2000,174000,5000,2000,175000,5000,2000,175000,2000,2000,175000,5000,2000,176000,4000,2000,177000,8000,3000
E08000014,Sefton,272000,12000,4000,271000,10000,4000,271000,8000,4000,270000,10000,4000,270000,7000,3000,270000,10000,4000,270000,10000,4000,270000,11000,4000,269000,10000,4000,269000,9000,4000,270000,14000,5000,269000,12000,4000
E08000015,Wirral,311000,7000,4000,312000,12000,5000,312000,13000,5000,313000,12000,5000,314000,10000,4000,316000,9000,4000,316000,11000,4000,317000,14000,5000,317000,12000,5000,318000,13000,5000,318000,13000,5000,318000,15000,6000
E08000016,Barnsley,221000,4000,2000,222000,4000,2000,224000,5000,2000,226000,7000,3000,227000,6000,3000,228000,8000,3000,230000,12000,4000,232000,9000,3000,233000,8000,3000,235000,9000,3000,238000,13000,4000,239000,11000,4000
E08000017,Doncaster,288000,11000,4000,290000,12000,4000,292000,15000,5000,293000,15000,5000,295000,18000,5000,296000,15000,5000,297000,14000,5000,297000,20000,6000,298000,21000,6000,299000,27000,7000,300000,20000,6000,300000,24000,7000
E08000018,Rotherham,250000,8000,3000,252000,10000,4000,252000,8000,3000,253000,10000,4000,254000,12000,4000,255000,10000,4000,256000,15000,5000,256000,16000,5000,257000,13000,4000,258000,13000,5000,259000,9000,4000,259000,17000,6000
E08000019,Sheffield,521000,41000,11000,523000,55000,12000,525000,56000,13000,529000,59000,14000,533000,56000,13000,539000,59000,14000,546000,61000,14000,552000,70000,15000,557000,68000,15000,562000,57000,15000,562000,61000,15000,568000,71000,16000
E08000021,Newcastle upon Tyne,265000,30000,6000,266000,28000,6000,268000,27000,6000,268000,30000,7000,270000,37000,8000,273000,31000,7000,276000,32000,8000,279000,36000,8000,282000,38000,8000,284000,37000,8000,290000,40000,8000,292000,47000,10000
E08000022,North Tyneside,192000,6000,2000,194000,6000,3000,195000,7000,3000,196000,10000,4000,197000,11000,4000,198000,9000,3000,200000,8000,3000,200000,8000,3000,200000,9000,3000,201000,12000,4000,202000,11000,4000,203000,11000,4000
E08000023,South Tyneside,148000,4000,2000,147000,5000,2000,147000,6000,2000,147000,6000,2000,147000,7000,2000,147000,8000,2000,147000,5000,2000,147000,5000,2000,147000,6000,2000,147000,6000,2000,148000,5000,2000,148000,6000,2000
E08000024,Sunderland,276000,6000,3000,276000,8000,4000,275000,9000,4000,274000,11000,4000,273000,10000,4000,274000,9000,4000,273000,12000,4000,274000,12000,4000,273000,11000,4000,273000,14000,5000,275000,14000,5000,275000,9000,4000
E08000025,Birmingham,1004000,167000,23000,1011000,198000,25000,1019000,203000,27000,1029000,219000,29000,1040000,226000,29000,1051000,213000,29000,1064000,243000,31000,1075000,249000,32000,1084000,241000,34000,1094000,222000,33000,1100000,239000,35000,1112000,254000,34000
E08000026,Coventry,296000,46000,8000,297000,50000,9000,299000,56000,10000,302000,61000,10000,305000,58000,9000,309000,57000,10000,314000,67000,11000,321000,72000,11000,326000,73000,12000,331000,78000,13000,342000,92000,14000,348000,91000,13000
E08000027,Dudley,304000,16000,5000,305000,20000,6000,306000,18000,6000,308000,16000,5000,309000,16000,5000,310000,14000,5000,311000,13000,5000,311000,16000,5000,312000,13000,5000,312000,16000,6000,315000,19000,6000,314000,20000,7000
E08000028,Sandwell,288000,30000,6000,290000,36000,7000,292000,39000,8000,296000,40000,8000,300000,53000,8000,304000,46000,8000,307000,47000,8000,309000,48000,8000,312000,51000,9000,314000,62000,10000,317000,52000,10000,320000,59000,11000
E08000029,Solihull,200000,14000,4000,201000,14000,4000,202000,13000,4000,203000,12000,4000,204000,13000,4000,205000,14000,4000,205000,19000,5000,206000,17000,4000,206000,18000,5000,207000,22000,5000,209000,20000,5000,210000,19000,5000
E08000030,Walsall,256000,17000,5000,258000,16000,5000,259000,17000,5000,261000,19000,5000,263000,20000,5000,265000,20000,5000,268000,20000,6000,269000,24000,6000,271000,27000,7000,273000,29000,7000,274000,32000,7000,275000,33000,8000
E08000031,Wolverhampton,239000,31000,6000,240000,34000,7000,241000,34000,7000,243000,38000,7000,243000,39000,7000,245000,39000,7000,247000,39000,7000,248000,40000,7000,249000,44000,7000,250000,46000,8000,252000,47000,8000,253000,51000,9000
E08000032,Bradford,486000,67000,13000,490000,69000,14000,496000,74000,15000,502000,74000,15000,507000,76000,16000,513000,81000,16000,518000,79000,16000,520000,78000,15000,522000,64000,14000,525000,68000,14000,525000,85000,16000,529000,81000,16000
E08000033,Calderdale,195000,11000,3000,196000,11000,4000,198000,13000,4000,199000,15000,4000,201000,15000,4000,202000,13000,4000,203000,15000,4000,204000,15000,4000,204000,15000,4000,206000,15000,4000,207000,17000,5000,208000,16000,5000
E08000034,Kirklees,397000,29000,8000,400000,37000,9000,404000,38000,9000,408000,38000,9000,411000,37000,10000,415000,37000,10000,420000,40000,10000,422000,46000,11000,425000,50000,12000,427000,51000,11000,431000,48000,12000,434000,55000,13000
E08000035,Leeds,728000,77000,15000,730000,88000,16000,732000,73000,15000,735000,78000,15000,738000,74000,15000,741000,77000,16000,744000,78000,17000,751000,87000,17000,755000,100000,19000,758000,97000,19000,765000,85000,18000,773000,95000,19000
E08000036,Wakefield,316000,9000,4000,317000,12000,5000,318000,13000,5000,320000,13000,5000,321000,14000,5000,322000,20000,6000,323000,24000,7000,324000,19000,6000,325000,28000,7000,326000,28000,7000,330000,25000,7000,331000,29000,8000
E08000037,Gateshead,191000,3000,2000,192000,4000,2000,193000,6000,2000,194000,7000,3000,195000,9000,3000,196000,11000,4000,198000,9000,3000,197000,11000,4000,198000,10000,4000,198000,7000,3000,198000,9000,3000,199000,11000,4000
E09000001,City of London,NA,NA,NA,NA,NA,NA,NA,NA,NA,NA,NA,NA,NA,NA,NA,NA,NA,NA,NA,NA,NA,NA,NA,NA,NA,NA,NA,NA,NA,NA,NA,NA,NA,NA,NA,NA
E09000002,Barking and Dagenham,165000,34000,8000,166000,35000,8000,168000,40000,8000,171000,48000,9000,177000,55000,10000,182000,58000,10000,186000,62000,11000,190000,55000,10000,193000,69000,12000,197000,73000,13000,201000,76000,13000,206000,77000,13000
E09000003,Barnet,324000,112000,21000,329000,117000,21000,331000,107000,19000,336000,105000,18000,343000,112000,22000,348000,122000,22000,355000,125000,23000,361000,137000,25000,367000,131000,25000,373000,134000,24000,378000,133000,24000,385000,150000,26000
E09000004,Bexley,221000,21000,7000,222000,25000,8000,223000,24000,7000,226000,27000,8000,227000,19000,7000,230000,27000,8000,232000,33000,9000,233000,36000,10000,235000,38000,11000,236000,38000,11000,242000,39000,11000,244000,48000,12000
E09000005,Brent,269000,127000,20000,275000,139000,22000,282000,144000,23000,289000,155000,22000,296000,157000,25000,303000,167000,27000,310000,182000,29000,313000,176000,24000,317000,170000,21000,322000,179000,22000,323000,174000,22000,329000,180000,24000
E09000006,Bromley,297000,44000,12000,299000,35000,10000,300000,36000,11000,303000,38000,12000,304000,35000,12000,306000,39000,13000,308000,49000,13000,312000,50000,13000,314000,49000,12000,316000,54000,13000,322000,59000,14000,326000,52000,14000
E09000007,Camden,207000,77000,15000,207000,84000,13000,208000,82000,12000,207000,82000,12000,210000,86000,14000,212000,78000,14000,218000,81000,15000,223000,95000,15000,226000,98000,16000,230000,97000,15000,237000,98000,17000,246000,110000,18000
E09000008,Croydon,336000,77000,16000,337000,82000,17000,341000,86000,18000,346000,86000,20000,350000,102000,22000,355000,93000,21000,362000,98000,20000,366000,96000,21000,370000,120000,23000,374000,111000,23000,377000,111000,21000,382000,128000,23000
E09000009,Ealing,310000,125000,19000,312000,129000,20000,316000,144000,22000,321000,135000,23000,327000,144000,23000,331000,141000,23000,336000,139000,25000,337000,158000,24000,340000,158000,24000,342000,156000,26000,340000,161000,23000,346000,173000,26000
E09000010,Enfield,282000,79000,16000,284000,86000,16000,289000,94000,17000,295000,102000,16000,300000,103000,16000,305000,97000,16000,312000,109000,18000,315000,100000,18000,319000,103000,18000,323000,106000,20000,326000,114000,20000,332000,120000,22000
E09000011,Greenwich,228000,51000,11000,232000,49000,11000,234000,61000,12000,237000,61000,13000,241000,68000,13000,247000,80000,14000,253000,86000,14000,258000,91000,16000,262000,83000,16000,267000,88000,17000,271000,96000,19000,276000,98000,20000
E09000012,Hackney,215000,83000,14000,219000,84000,13000,223000,85000,13000,230000,82000,13000,236000,86000,14000,241000,81000,14000,246000,95000,15000,251000,95000,15000,256000,100000,16000,261000,100000,16000,268000,96000,17000,272000,98000,18000
E09000013,Hammersmith and Fulham,172000,65000,10000,173000,64000,11000,175000,66000,12000,175000,65000,11000,178000,73000,13000,179000,63000,11000,181000,73000,11000,178000,72000,11000,177000,74000,12000,176000,73000,12000,176000,76000,13000,181000,82000,14000
E09000014,Haringey,228000,82000,13000,232000,85000,14000,235000,89000,15000,243000,97000,16000,248000,104000,16000,251000,104000,17000,254000,111000,18000,258000,101000,17000,260000,94000,16000,263000,104000,17000,270000,107000,18000,275000,107000,17000
E09000015,Harrow,219000,78000,15000,222000,88000,16000,225000,92000,16000,228000,101000,15000,231000,106000,17000,235000,103000,18000,238000,108000,16000,240000,119000,17000,243000,121000,16000,245000,124000,17000,246000,122000,18000,250000,133000,20000
E09000016,Havering,225000,15000,6000,227000,17000,7000,228000,18000,6000,230000,22000,7000,233000,18000,7000,235000,19000,7000,236000,22000,8000,238000,24000,9000,240000,27000,9000,241000,29000,9000,248000,27000,9000,250000,36000,11000
E09000017,Hillingdon,249000,60000,12000,252000,53000,12000,255000,63000,14000,259000,72000,14000,263000,76000,16000,267000,73000,16000,273000,80000,16000,279000,85000,17000,284000,86000,17000,290000,96000,17000,296000,96000,18000,302000,99000,20000
E09000018,Hounslow,222000,70000,13000,227000,74000,13000,232000,90000,16000,237000,93000,16000,242000,94000,16000,248000,101000,17000,254000,102000,16000,258000,110000,18000,262000,122000,18000,267000,127000,20000,268000,124000,20000,274000,132000,24000
E09000019,Islington,182000,57000,11000,183000,63000,11000,187000,55000,11000,190000,61000,11000,195000,55000,11000,198000,57000,11000,204000,70000,13000,209000,72000,14000,213000,68000,14000,218000,80000,15000,224000,82000,15000,230000,85000,16000
E09000020,Kensington and Chelsea,166000,75000,11000,163000,74000,12000,161000,68000,12000,161000,78000,12000,160000,75000,12000,159000,74000,11000,156000,79000,11000,154000,78000,10000,152000,79000,10000,150000,82000,10000,154000,80000,11000,156000,82000,12000
E09000021,Kingston upon Thames,151000,35000,8000,152000,37000,8000,153000,41000,9000,155000,37000,8000,156000,37000,9000,157000,48000,10000,159000,47000,9000,162000,49000,10000,165000,47000,10000,167000,48000,10000,171000,51000,10000,175000,55000,12000
E09000022,Lambeth,275000,105000,18000,277000,95000,17000,282000,101000,17000,286000,105000,17000,292000,104000,18000,295000,99000,20000,302000,102000,19000,308000,113000,22000,313000,112000,22000,318000,106000,22000,320000,103000,23000,325000,103000,25000
E09000023,Lewisham,253000,73000,14000,255000,79000,15000,259000,81000,15000,265000,83000,15000,269000,72000,15000,271000,98000,19000,275000,87000,17000,280000,94000,18000,284000,86000,17000,287000,89000,17000,295000,103000,20000,300000,92000,19000
E09000024,Merton,189000,58000,11000,191000,59000,11000,193000,63000,12000,195000,65000,13000,197000,78000,13000,198000,81000,12000,199000,85000,13000,201000,85000,13000,202000,78000,14000,203000,84000,15000,203000,76000,14000,207000,82000,15000
E09000025,Newham,253000,112000,17000,257000,127000,17000,265000,131000,19000,275000,135000,19000,285000,157000,21000,298000,146000,20000,309000,163000,21000,313000,159000,22000,320000,164000,22000,327000,168000,23000,329000,178000,24000,339000,183000,26000
E09000026,Redbridge,250000,73000,14000,254000,85000,16000,258000,89000,16000,264000,92000,16000,269000,91000,16000,273000,95000,16000,280000,115000,17000,283000,102000,17000,287000,108000,17000,291000,117000,18000,296000,119000,18000,302000,127000,19000
E09000027,Richmond upon Thames,180000,36000,8000,181000,36000,8000,181000,45000,10000,181000,39000,9000,183000,43000,10000,185000,44000,10000,186000,44000,10000,187000,44000,10000,188000,43000,10000,190000,46000,10000,194000,46000,11000,198000,42000,11000
E09000028,Southwark,260000,90000,16000,266000,97000,17000,271000,89000,16000,275000,91000,16000,279000,93000,18000,282000,96000,19000,287000,119000,20000,291000,104000,18000,295000,107000,18000,299000,107000,17000,305000,117000,19000,312000,113000,21000
E09000029,Sutton,180000,23000,7000,181000,25000,8000,183000,33000,9000,184000,25000,8000,187000,33000,9000,188000,33000,8000,190000,38000,9000,192000,36000,9000,194000,41000,11000,196000,52000,13000,199000,46000,12000,202000,48000,11000
E09000030,Tower Hamlets,212000,90000,13000,216000,90000,14000,224000,98000,16000,231000,90000,14000,239000,93000,16000,247000,108000,17000,255000,113000,17000,262000,117000,18000,269000,113000,18000,276000,104000,18000,293000,113000,20000,302000,126000,24000
E09000031,Waltham Forest,225000,73000,13000,229000,66000,13000,234000,75000,15000,240000,80000,15000,247000,85000,16000,252000,90000,16000,258000,95000,16000,261000,97000,17000,265000,105000,18000,269000,97000,19000,269000,100000,22000,274000,106000,22000
E09000032,Wandsworth,280000,87000,18000,284000,98000,19000,288000,96000,20000,291000,97000,20000,296000,100000,21000,299000,106000,21000,304000,110000,22000,305000,98000,20000,307000,86000,19000,308000,100000,21000,311000,102000,20000,317000,116000,24000
E09000033,Westminster,225000,115000,16000,225000,119000,17000,224000,119000,16000,222000,115000,16000,220000,111000,17000,221000,118000,19000,223000,121000,17000,227000,116000,16000,230000,114000,15000,232000,117000,16000,243000,121000,18000,251000,128000,20000
N09000001,Antrim and Newtownabbey,NA,NA,NA,NA,NA,NA,NA,NA,NA,NA,NA,NA,NA,NA,NA,NA,NA,NA,NA,NA,NA,NA,NA,NA,NA,NA,NA,NA,NA,NA,NA,NA,NA,NA,NA,NA
N09000002,"Armagh City, Banbridge and Craigavon",NA,NA,NA,NA,NA,NA,NA,NA,NA,NA,NA,NA,NA,NA,NA,NA,NA,NA,NA,NA,NA,NA,NA,NA,NA,NA,NA,NA,NA,NA,NA,NA,NA,NA,NA,NA
N09000003,Belfast,NA,NA,NA,NA,NA,NA,NA,NA,NA,NA,NA,NA,NA,NA,NA,NA,NA,NA,NA,NA,NA,NA,NA,NA,NA,NA,NA,NA,NA,NA,NA,NA,NA,NA,NA,NA
N09000004,Causeway Coast and Glens,NA,NA,NA,NA,NA,NA,NA,NA,NA,NA,NA,NA,NA,NA,NA,NA,NA,NA,NA,NA,NA,NA,NA,NA,NA,NA,NA,NA,NA,NA,NA,NA,NA,NA,NA,NA
N09000005,Derry City and Strabane,NA,NA,NA,NA,NA,NA,NA,NA,NA,NA,NA,NA,NA,NA,NA,NA,NA,NA,NA,NA,NA,NA,NA,NA,NA,NA,NA,NA,NA,NA,NA,NA,NA,NA,NA,NA
N09000006,Fermanagh and Omagh,NA,NA,NA,NA,NA,NA,NA,NA,NA,NA,NA,NA,NA,NA,NA,NA,NA,NA,NA,NA,NA,NA,NA,NA,NA,NA,NA,NA,NA,NA,NA,NA,NA,NA,NA,NA
N09000007,Lisburn and Castlereagh,NA,NA,NA,NA,NA,NA,NA,NA,NA,NA,NA,NA,NA,NA,NA,NA,NA,NA,NA,NA,NA,NA,NA,NA,NA,NA,NA,NA,NA,NA,NA,NA,NA,NA,NA,NA
N09000008,Mid and East Antrim,NA,NA,NA,NA,NA,NA,NA,NA,NA,NA,NA,NA,NA,NA,NA,NA,NA,NA,NA,NA,NA,NA,NA,NA,NA,NA,NA,NA,NA,NA,NA,NA,NA,NA,NA,NA
N09000009,Mid Ulster,NA,NA,NA,NA,NA,NA,NA,NA,NA,NA,NA,NA,NA,NA,NA,NA,NA,NA,NA,NA,NA,NA,NA,NA,NA,NA,NA,NA,NA,NA,NA,NA,NA,NA,NA,NA
N09000010,"Newry, Mourne and Down",NA,NA,NA,NA,NA,NA,NA,NA,NA,NA,NA,NA,NA,NA,NA,NA,NA,NA,NA,NA,NA,NA,NA,NA,NA,NA,NA,NA,NA,NA,NA,NA,NA,NA,NA,NA
N09000011,Ards and North Down,NA,NA,NA,NA,NA,NA,NA,NA,NA,NA,NA,NA,NA,NA,NA,NA,NA,NA,NA,NA,NA,NA,NA,NA,NA,NA,NA,NA,NA,NA,NA,NA,NA,NA,NA,NA
S12000005,Clackmannanshire,48000,1000,1000,49000,1000,1000,50000,1000,1000,50000,1000,1000,50000,2000,1000,50000,2000,1000,51000,2000,2000,50000,2000,2000,50000,2000,1000,50000,3000,2000,50000,3000,2000,50000,4000,2000
S12000006,Dumfries and Galloway,148000,4000,2000,148000,3000,2000,149000,4000,2000,149000,6000,2000,149000,5000,2000,149000,6000,2000,150000,5000,2000,149000,6000,2000,149000,4000,2000,149000,5000,2000,148000,5000,2000,147000,6000,2000
S12000008,East Ayrshire,119000,2000,1000,119000,3000,1000,119000,2000,1000,120000,3000,1000,121000,3000,1000,121000,2000,1000,121000,2000,1000,121000,2000,1000,121000,2000,1000,121000,3000,2000,121000,2000,1000,121000,4000,2000
S12000010,East Lothian,92000,3000,1000,93000,4000,1000,94000,4000,1000,96000,4000,2000,97000,4000,2000,98000,5000,2000,98000,6000,2000,99000,6000,2000,100000,6000,2000,101000,5000,2000,101000,5000,2000,102000,5000,2000
S12000011,East Renfrewshire,89000,3000,1000,89000,4000,1000,89000,4000,1000,89000,3000,1000,89000,4000,1000,90000,5000,2000,90000,4000,2000,90000,4000,2000,91000,3000,1000,91000,4000,2000,92000,6000,2000,93000,7000,2000
S12000013,Na h-Eileanan Siar (Western Isles),27000,0,0,27000,1000,1000,27000,0,0,27000,0,1000,27000,1000,1000,27000,NA,NA,27000,NA,NA,27000,1000,1000,27000,1000,1000,27000,1000,1000,27000,0,0,27000,1000,1000
S12000014,Falkirk,149000,3000,2000,149000,2000,1000,151000,4000,2000,151000,3000,2000,152000,5000,2000,153000,6000,2000,155000,7000,3000,155000,7000,3000,156000,7000,3000,156000,7000,2000,156000,8000,3000,157000,9000,3000
S12000015,Fife,351000,16000,5000,352000,12000,5000,354000,10000,5000,355000,10000,5000,356000,14000,6000,357000,21000,7000,359000,16000,6000,360000,20000,7000,361000,20000,7000,362000,18000,7000,362000,20000,8000,363000,30000,10000
S12000017,Highland,215000,7000,3000,217000,7000,3000,220000,8000,4000,224000,9000,3000,225000,8000,3000,227000,9000,3000,229000,11000,4000,229000,12000,4000,230000,11000,4000,231000,15000,5000,230000,10000,4000,231000,13000,5000
S12000018,Inverclyde,81000,2000,1000,81000,2000,1000,81000,2000,1000,81000,2000,1000,80000,2000,1000,80000,2000,1000,80000,2000,1000,80000,3000,1000,79000,2000,1000,78000,2000,1000,78000,2000,1000,78000,2000,1000
S12000019,Midlothian,79000,2000,1000,79000,2000,1000,79000,2000,1000,81000,3000,1000,81000,4000,2000,82000,3000,1000,83000,3000,1000,83000,3000,2000,84000,3000,2000,85000,4000,2000,86000,4000,2000,87000,4000,2000
S12000020,Moray,88000,4000,1000,89000,4000,1000,90000,4000,1000,91000,4000,1000,92000,5000,2000,92000,5000,2000,92000,6000,2000,91000,5000,2000,91000,5000,2000,91000,4000,1000,93000,4000,2000,93000,5000,2000
S12000021,North Ayrshire,135000,3000,1000,135000,3000,1000,136000,3000,1000,137000,2000,1000,136000,2000,1000,136000,2000,1000,137000,4000,2000,136000,3000,2000,136000,4000,2000,135000,3000,2000,134000,2000,1000,134000,4000,2000
S12000023,Orkney Islands,20000,1000,1000,20000,1000,1000,20000,1000,1000,21000,0,0,21000,0,0,21000,0,0,21000,0,0,21000,0,1000,22000,0,0,22000,0,1000,21000,0,0,21000,1000,1000
S12000024,Perth and Kinross,135000,6000,2000,136000,5000,2000,138000,7000,2000,140000,7000,2000,141000,7000,2000,142000,9000,3000,143000,8000,3000,144000,10000,3000,145000,11000,3000,146000,11000,3000,146000,14000,4000,147000,10000,4000
S12000026,Scottish Borders,109000,3000,1000,110000,4000,2000,111000,5000,2000,112000,5000,2000,112000,6000,2000,112000,7000,2000,113000,5000,2000,112000,5000,2000,112000,6000,2000,112000,6000,2000,113000,6000,2000,113000,6000,2000
S12000027,Shetland Islands,22000,0,0,22000,0,0,22000,0,0,22000,0,0,23000,0,0,23000,1000,1000,23000,0,0,23000,0,1000,23000,1000,1000,23000,1000,1000,23000,0,1000,23000,0,1000
S12000028,South Ayrshire,111000,2000,1000,111000,3000,1000,111000,3000,1000,111000,3000,1000,111000,4000,2000,111000,4000,2000,111000,3000,2000,112000,4000,2000,111000,3000,2000,112000,4000,2000,111000,4000,2000,111000,4000,2000
S12000029,South Lanarkshire,304000,7000,3000,305000,8000,4000,307000,11000,4000,308000,9000,4000,309000,8000,4000,310000,11000,4000,311000,11000,5000,311000,12000,5000,312000,11000,5000,312000,9000,4000,313000,11000,5000,313000,12000,5000
S12000030,Stirling,85000,4000,2000,86000,6000,2000,86000,5000,2000,86000,3000,2000,86000,4000,2000,86000,6000,2000,87000,7000,2000,87000,7000,2000,88000,6000,2000,88000,7000,2000,88000,8000,2000,89000,6000,2000
S12000033,Aberdeen City,204000,12000,4000,205000,14000,4000,208000,20000,5000,209000,25000,6000,212000,32000,7000,214000,30000,7000,216000,32000,7000,219000,32000,7000,221000,42000,8000,223000,42000,8000,225000,39000,8000,226000,48000,10000
S12000034,Aberdeenshire,235000,6000,3000,239000,8000,3000,242000,10000,4000,244000,14000,4000,246000,15000,5000,249000,14000,5000,251000,17000,6000,253000,15000,5000,255000,11000,5000,256000,13000,5000,260000,13000,6000,262000,23000,8000
S12000035,Argyll and Bute,87000,3000,1000,88000,3000,1000,88000,3000,1000,87000,4000,1000,87000,3000,1000,86000,4000,1000,87000,4000,1000,85000,4000,1000,83000,4000,1000,82000,4000,1000,85000,3000,1000,85000,5000,2000
S12000036,City of Edinburgh,442000,46000,11000,444000,48000,11000,448000,46000,11000,450000,57000,13000,454000,62000,13000,460000,62000,13000,468000,66000,14000,472000,69000,15000,477000,67000,15000,483000,65000,15000,487000,77000,18000,493000,90000,21000
S12000038,Renfrewshire,170000,4000,2000,170000,5000,2000,170000,7000,2000,171000,9000,3000,171000,7000,3000,172000,7000,3000,173000,11000,4000,173000,10000,3000,173000,9000,3000,173000,11000,4000,173000,9000,3000,173000,12000,4000
S12000039,West Dunbartonshire,91000,2000,1000,91000,3000,1000,91000,3000,1000,90000,3000,1000,90000,4000,1000,90000,3000,1000,90000,3000,1000,90000,3000,1000,89000,3000,1000,89000,3000,1000,89000,2000,1000,89000,4000,2000
S12000040,West Lothian,164000,6000,3000,166000,7000,3000,168000,10000,3000,170000,8000,3000,171000,8000,3000,172000,8000,3000,174000,12000,4000,174000,11000,4000,175000,11000,4000,175000,10000,3000,176000,10000,3000,177000,15000,5000
S12000041,Angus,110000,3000,1000,111000,3000,1000,112000,4000,1000,113000,5000,2000,113000,5000,2000,114000,4000,2000,115000,4000,2000,115000,4000,2000,115000,6000,2000,115000,5000,2000,115000,6000,2000,115000,6000,2000
S12000042,Dundee City,141000,7000,2000,141000,9000,3000,140000,8000,2000,141000,9000,3000,142000,11000,3000,142000,12000,3000,143000,14000,4000,144000,14000,4000,145000,15000,4000,145000,18000,4000,145000,17000,4000,145000,12000,3000
S12000044,North Lanarkshire,324000,7000,3000,326000,6000,3000,329000,5000,3000,331000,12000,5000,333000,10000,5000,334000,8000,4000,335000,7000,4000,335000,8000,4000,335000,7000,4000,335000,11000,5000,336000,14000,6000,336000,15000,6000
S12000045,East Dunbartonshire,105000,4000,1000,105000,4000,1000,104000,4000,1000,104000,5000,2000,104000,4000,2000,104000,4000,2000,105000,4000,2000,105000,5000,2000,106000,5000,2000,106000,6000,2000,107000,5000,2000,107000,5000,2000
S12000046,Glasgow City,560000,46000,12000,559000,44000,11000,562000,55000,12000,566000,60000,12000,571000,70000,13000,575000,63000,13000,581000,64000,15000,583000,86000,18000,586000,66000,17000,589000,80000,20000,590000,83000,20000,592000,91000,21000
W06000001,Isle of Anglesey / Ynys Mn,69000,2000,1000,69000,2000,1000,69000,2000,1000,69000,2000,1000,69000,2000,1000,69000,2000,1000,69000,2000,1000,69000,2000,1000,69000,2000,1000,69000,3000,1000,70000,3000,1000,69000,2000,1000
W06000002,Gwynedd / Gwynedd,117000,4000,1000,118000,4000,2000,118000,5000,2000,118000,5000,2000,119000,4000,2000,120000,4000,2000,120000,4000,2000,120000,4000,2000,121000,4000,2000,122000,6000,2000,121000,5000,2000,121000,6000,2000
W06000003,Conwy / Conwy,110000,3000,1000,111000,3000,1000,111000,4000,1000,112000,4000,2000,112000,4000,2000,112000,6000,2000,113000,6000,2000,113000,5000,2000,113000,5000,2000,113000,6000,2000,114000,6000,2000,114000,6000,2000
W06000004,Denbighshire / Sir Ddinbych,92000,2000,1000,93000,2000,1000,93000,2000,1000,93000,3000,1000,93000,4000,1000,93000,4000,1000,93000,4000,2000,93000,3000,1000,93000,3000,1000,93000,3000,1000,94000,3000,1000,94000,5000,2000
W06000005,Flintshire / Sir y Fflint,149000,4000,2000,149000,4000,2000,150000,5000,2000,151000,5000,2000,151000,5000,2000,151000,7000,3000,152000,6000,2000,152000,6000,2000,152000,6000,2000,152000,8000,3000,153000,7000,2000,153000,10000,3000
W06000006,Wrexham / Wrecsam,128000,5000,2000,129000,7000,2000,130000,7000,2000,131000,7000,2000,132000,9000,3000,133000,7000,2000,134000,10000,3000,134000,10000,3000,135000,10000,3000,136000,10000,3000,136000,10000,3000,136000,8000,3000
W06000008,Ceredigion / Ceredigion,75000,3000,1000,75000,3000,1000,75000,5000,2000,74000,4000,1000,74000,4000,2000,75000,3000,1000,75000,4000,1000,76000,5000,2000,76000,5000,1000,76000,5000,1000,74000,4000,1000,75000,5000,2000
W06000009,Pembrokeshire / Sir Benfro,116000,4000,1000,117000,4000,1000,118000,5000,2000,120000,5000,2000,120000,5000,2000,120000,6000,2000,121000,5000,2000,121000,4000,2000,122000,4000,2000,122000,4000,2000,122000,4000,2000,122000,5000,2000
W06000010,Carmarthenshire / Sir Gaerfyrddin,176000,5000,2000,177000,4000,2000,179000,7000,2000,180000,6000,2000,181000,8000,3000,181000,6000,3000,182000,7000,3000,182000,7000,3000,183000,8000,3000,183000,9000,3000,183000,13000,4000,183000,10000,3000
W06000011,Swansea / Abertawe,227000,10000,3000,228000,13000,4000,230000,11000,4000,232000,13000,4000,233000,15000,4000,235000,17000,5000,236000,15000,4000,237000,19000,5000,238000,17000,5000,239000,18000,5000,240000,20000,5000,241000,24000,6000
W06000012,Neath Port Talbot / Castell-nedd Port Talbot,137000,3000,1000,137000,4000,1000,138000,3000,1000,138000,4000,2000,138000,5000,2000,138000,4000,2000,139000,4000,2000,139000,3000,2000,139000,4000,2000,139000,3000,1000,140000,3000,2000,140000,4000,2000
W06000013,Bridgend / Pen-y-bont ar Ogwr,131000,4000,2000,132000,4000,2000,134000,4000,2000,135000,4000,2000,136000,4000,2000,136000,4000,2000,137000,5000,2000,137000,5000,2000,138000,5000,2000,138000,5000,2000,139000,3000,2000,140000,5000,2000
W06000014,Vale of Glamorgan / Bro Morgannwg,121000,5000,2000,122000,5000,2000,123000,6000,2000,124000,6000,2000,124000,6000,2000,124000,7000,2000,125000,5000,2000,125000,6000,2000,125000,6000,2000,125000,7000,2000,126000,6000,2000,126000,7000,3000
W06000015,Cardiff / Caerdydd,317000,28000,6000,321000,34000,7000,324000,31000,8000,329000,34000,8000,334000,39000,9000,338000,39000,9000,342000,43000,9000,345000,40000,9000,348000,42000,9000,351000,48000,10000,353000,45000,10000,357000,43000,10000
W06000016,Rhondda Cynon Taf / Rhondda Cynon Taf,232000,7000,3000,232000,5000,2000,232000,7000,3000,232000,8000,3000,233000,6000,3000,233000,5000,3000,233000,6000,3000,234000,6000,3000,234000,7000,3000,234000,6000,3000,236000,5000,3000,236000,7000,3000
W06000018,Caerphilly / Caerffili,172000,3000,1000,173000,2000,1000,174000,3000,2000,175000,4000,2000,176000,3000,2000,177000,4000,2000,178000,4000,2000,178000,5000,2000,178000,4000,2000,179000,4000,2000,179000,5000,2000,179000,6000,3000
W06000019,Blaenau Gwent / Blaenau Gwent,68000,1000,1000,69000,1000,1000,69000,1000,1000,69000,1000,1000,69000,1000,1000,69000,2000,1000,69000,1000,1000,69000,1000,1000,69000,1000,1000,69000,2000,1000,69000,2000,1000,69000,2000,1000
W06000020,Torfaen / Tor-faen,90000,2000,1000,90000,2000,1000,90000,2000,1000,90000,3000,1000,90000,2000,1000,90000,3000,1000,90000,3000,1000,91000,3000,1000,91000,3000,1000,91000,3000,1000,91000,4000,1000,91000,4000,2000
W06000021,Monmouthshire / Sir Fynwy,87000,3000,1000,87000,3000,1000,88000,4000,1000,88000,3000,1000,89000,4000,1000,90000,3000,1000,90000,4000,1000,90000,3000,1000,90000,4000,1000,90000,4000,1000,91000,4000,1000,91000,4000,2000
W06000022,Newport / Casnewydd,138000,8000,2000,139000,8000,2000,140000,11000,3000,142000,10000,3000,143000,10000,3000,144000,11000,3000,145000,10000,3000,145000,12000,3000,145000,14000,4000,146000,17000,4000,146000,13000,4000,147000,14000,4000
W06000023,Powys / Powys,129000,2000,1000,129000,3000,2000,130000,3000,2000,131000,5000,2000,131000,6000,2000,131000,5000,2000,131000,6000,2000,131000,5000,2000,131000,4000,2000,131000,4000,2000,131000,5000,2000,130000,5000,2000
W06000024,Merthyr Tydfil / Merthyr Tudful,56000,1000,1000,56000,2000,1000,57000,2000,1000,57000,2000,1000,58000,2000,1000,58000,2000,1000,58000,2000,1000,58000,2000,1000,59000,4000,1000,59000,4000,1000,59000,3000,1000,59000,2000,1000
